timestamp_ms,gyro_x,gyro_y,gyro_z,accel_x,accel_y,accel_z,roll,pitch,yaw,adc0,adc1,adc2,adc3,adc4,Label
103720,-0.2594,0.0509,0.0079,0.3400,1.2115,-9.6999,1.8386,7.1091,172.6547,0.0000,0.0000,0.0000,0.0000,0.0000,nothing
103836,-0.1628,0.0380,-0.0052,0.1921,1.1421,-9.7154,1.7675,7.0687,172.7115,0.0000,0.0000,0.0000,0.0000,0.0000,nothing
103952,-0.2034,0.0513,-0.0022,0.2897,1.1858,-9.7597,1.7595,7.0542,172.7275,0.0000,0.0000,0.0000,0.0000,0.0000,nothing
104068,-0.1877,0.0590,0.0177,0.2724,1.2127,-9.7214,1.7428,7.0596,172.7263,0.0000,0.0000,0.0000,0.0000,0.0000,nothing
104184,-0.1789,0.0577,0.0057,0.3388,1.2115,-9.7543,1.7660,7.0612,172.7191,0.0000,0.0000,0.0000,0.0000,0.0000,nothing
104300,-0.1854,0.0491,0.0635,0.2945,1.2540,-9.7609,1.7608,7.0869,172.6955,0.0000,0.0000,0.0000,0.0000,0.0000,nothing
104416,-0.2136,0.0688,0.0229,0.6159,1.2283,-9.7537,1.9437,7.0949,172.6411,0.0000,0.0000,0.0000,0.0000,0.0000,nothing
104532,-0.1599,0.0754,-0.0510,0.3065,1.1744,-9.7064,1.9289,7.0750,172.6642,0.0000,0.0000,0.0000,0.0000,0.0000,nothing
104648,-0.2289,0.0693,-0.0380,0.0796,1.1912,-9.7567,1.7823,7.0637,172.7127,0.0000,0.0000,0.0000,0.0000,0.0000,nothing
104764,-0.1925,0.0502,0.0165,0.3969,1.1708,-9.7376,1.8357,7.0424,172.7199,0.0000,0.0000,0.0000,0.0000,0.0000,nothing
104880,-0.1380,0.0510,0.0014,0.3747,1.1570,-9.7789,1.8702,7.0124,172.7401,0.0000,0.0000,0.0000,0.0000,0.0000,nothing
104996,-0.1776,0.0593,0.0278,0.2610,1.2037,-9.7477,1.8354,7.0149,172.7466,0.0000,0.0000,0.0000,0.0000,0.0000,nothing
105112,-0.1226,0.0423,-0.0401,0.4064,1.1385,-9.7669,1.8886,6.9777,172.7688,0.0000,0.0000,0.0000,0.0000,0.0000,nothing
105228,-0.2150,0.0643,0.0450,0.3957,1.1965,-9.7394,1.9306,6.9798,172.7556,0.0000,0.0000,0.0000,0.0000,0.0000,nothing
105344,-0.1801,0.0585,-0.0014,0.3334,1.2247,-9.7902,1.9311,6.9945,172.7413,0.0000,0.0000,0.0000,0.0000,0.0000,nothing
105460,-0.2075,0.1013,0.0177,0.0652,1.3246,-9.7220,1.7764,7.0710,172.7071,0.0000,0.0000,0.0000,0.0000,0.0000,nothing
105576,-0.2323,0.0776,0.0345,0.5423,1.1768,-9.7555,1.9148,7.0508,172.6912,0.0000,0.0000,0.0000,0.0000,0.0000,nothing
105692,-0.2484,0.0757,0.0180,0.1868,1.0954,-9.7609,1.8323,6.9860,172.7754,0.0000,0.0000,0.0000,0.0000,0.0000,nothing
105808,-0.2079,0.0859,0.0161,0.4411,1.0732,-9.7675,1.9062,6.9138,172.8257,0.0000,0.0000,0.0000,0.0000,0.0000,nothing
105924,-0.2189,0.0626,0.0207,0.1335,1.1576,-9.7651,1.7933,6.8986,172.8699,0.0000,0.0000,0.0000,0.0000,0.0000,nothing
106040,-0.1361,0.0436,-0.0765,0.5285,1.0541,-9.7807,1.9218,6.8230,172.9091,0.0000,0.0000,0.0000,0.0000,0.0000,nothing
106156,-0.1726,0.0192,-0.0635,0.3597,1.1924,-9.7316,1.9397,6.8387,172.8890,0.0000,0.0000,0.0000,0.0000,0.0000,nothing
106272,-0.1667,0.0739,0.0581,0.1676,1.2654,-9.7759,1.8429,6.8925,172.8631,0.0000,0.0000,0.0000,0.0000,0.0000,nothing
106388,-0.2270,0.0919,-0.0594,0.4364,1.3121,-9.7352,1.9130,6.9701,172.7696,0.0000,0.0000,0.0000,0.0000,0.0000,nothing
106504,-0.1979,0.0972,0.0513,0.1969,1.2857,-9.7412,1.8365,7.0249,172.7367,0.0000,0.0000,0.0000,0.0000,0.0000,nothing
106620,-0.2339,0.0871,-0.0232,0.4124,1.1391,-9.7142,1.8941,6.9907,172.7547,0.0000,0.0000,0.0000,0.0000,0.0000,nothing
106736,-0.3230,0.0613,0.0416,0.4148,1.3330,-9.7914,1.9454,7.0667,172.6678,0.0000,0.0000,0.0000,0.0000,0.0000,nothing
106852,-0.2551,0.0549,-0.0090,0.2634,1.0732,-9.7878,1.9040,6.9855,172.7572,0.0000,0.0000,0.0000,0.0000,0.0000,nothing
106968,-0.1365,0.0713,0.0301,0.2364,1.2289,-9.7436,1.8516,7.0055,172.7515,0.0000,0.0000,0.0000,0.0000,0.0000,nothing
107084,-0.2046,0.0628,-0.0106,0.3556,1.2217,-9.7771,1.8731,7.0168,172.7351,0.0000,0.0000,0.0000,0.0000,0.0000,nothing
107200,-0.2056,0.0459,0.0555,0.3196,1.1145,-9.7753,1.8719,6.9652,172.7852,0.0000,0.0000,0.0000,0.0000,0.0000,nothing
107316,-0.1937,0.0417,0.0442,0.2322,1.2013,-9.7406,1.8204,6.9716,172.7924,0.0000,0.0000,0.0000,0.0000,0.0000,nothing
107432,-0.2138,0.0592,0.0173,0.4208,1.2408,-9.7495,1.8835,6.9991,172.7494,0.0000,0.0000,0.0000,0.0000,0.0000,nothing
107548,-0.1599,0.0826,-0.0015,0.3011,1.2504,-9.7585,1.8704,7.0291,172.7239,0.0000,0.0000,0.0000,0.0000,0.0000,nothing
107664,-0.1858,0.0465,-0.0233,0.2610,1.1894,-9.6897,1.8367,7.0257,172.7358,0.0000,0.0000,0.0000,0.0000,0.0000,nothing
107780,-0.2158,0.0416,-0.0068,0.3675,1.2241,-9.7992,1.8663,7.0347,172.7195,0.0000,0.0000,0.0000,0.0000,0.0000,nothing
107896,-0.0699,-0.0233,-0.0255,0.2580,1.5994,-9.5346,1.8332,7.2794,172.4909,0.0000,0.0000,0.0000,0.0000,0.0000,สาม
108012,-0.4687,0.1009,-0.0322,0.4136,1.3677,-9.8782,1.8882,7.3400,172.4184,0.0000,0.0000,0.0000,0.0000,0.0000,สาม
108128,-0.1699,0.0303,-0.0308,0.2310,1.0714,-9.8010,1.8335,7.2295,172.5392,0.0000,0.0000,0.0000,0.0000,0.0000,สาม
108244,-0.1208,0.0320,0.0095,0.2502,1.1433,-9.7507,1.7962,7.1751,172.6012,0.0000,0.0000,0.0000,0.0000,0.0000,สาม
108360,-0.2274,0.0762,0.0409,0.3885,1.2217,-9.7513,1.8430,7.1712,172.5934,0.0000,0.0000,0.0000,0.0000,0.0000,สาม
108476,-0.2187,0.0772,0.0173,0.1628,1.2726,-9.7567,1.7534,7.1972,172.5901,0.0000,0.0000,0.0000,0.0000,0.0000,สาม
108592,-0.2098,0.0603,-0.0113,0.3424,1.1355,-9.7256,1.7783,7.1432,172.6366,0.0000,0.0000,0.0000,0.0000,0.0000,สาม
108708,-0.1898,0.0690,0.0125,0.3603,1.2325,-9.7681,1.8101,7.1475,172.6245,0.0000,0.0000,0.0000,0.0000,0.0000,สาม
108824,-0.1828,0.0616,0.0487,0.3520,1.2007,-9.7585,1.8341,7.1338,172.6319,0.0000,0.0000,0.0000,0.0000,0.0000,สาม
108940,-0.2263,0.0695,0.0187,0.1891,1.2540,-9.7675,1.7606,7.1519,172.6324,0.0000,0.0000,0.0000,0.0000,0.0000,สาม
109056,-0.2063,0.0746,-0.0225,0.4052,1.1756,-9.7627,1.8206,7.1228,172.6459,0.0000,0.0000,0.0000,0.0000,0.0000,สาม
109172,-0.2337,0.0776,-0.0391,0.3753,1.1780,-9.7507,1.8574,7.0989,172.6597,0.0000,0.0000,0.0000,0.0000,0.0000,สาม
109288,-0.1875,0.0612,-0.0331,0.2801,1.2366,-9.7412,1.8351,7.1122,172.6525,0.0000,0.0000,0.0000,0.0000,0.0000,สาม
109404,-0.1905,0.0631,0.0969,0.3789,1.1942,-9.7334,1.8727,7.0999,172.6548,0.0000,0.0000,0.0000,0.0000,0.0000,สาม
109520,-0.1850,0.0608,0.0180,0.2735,1.2420,-9.7561,1.8448,7.1152,172.6471,0.0000,0.0000,0.0000,0.0000,0.0000,สาม
109636,-0.1940,0.0770,-0.0378,0.3861,1.2175,-9.7370,1.8856,7.1159,172.6360,0.0000,0.0000,0.0000,0.0000,0.0000,สาม
109752,-0.2338,0.0646,0.0130,0.2843,1.2331,-9.7340,1.8630,7.1259,172.6321,0.0000,0.0000,0.0000,0.0000,0.0000,สาม
109868,-0.2102,0.0594,0.0106,0.3107,1.2139,-9.7364,1.8581,7.1236,172.6356,0.0000,0.0000,0.0000,0.0000,0.0000,สาม
109984,-0.1815,0.0887,0.0187,0.3232,1.2283,-9.7394,1.8609,7.1297,172.6290,0.0000,0.0000,0.0000,0.0000,0.0000,สาม
110100,-0.2173,0.0875,-0.0269,0.3286,1.2061,-9.7543,1.8663,7.1212,172.6359,0.0000,0.0000,0.0000,0.0000,0.0000,สาม
110216,-0.2065,0.0780,0.0716,0.3148,1.1804,-9.7531,1.8632,7.0988,172.6583,0.0000,0.0000,0.0000,0.0000,0.0000,สาม
110332,-0.1982,0.0581,-0.0361,0.2825,1.1576,-9.7483,1.8418,7.0659,172.6957,0.0000,0.0000,0.0000,0.0000,0.0000,สาม
110448,-0.1602,0.0743,-0.0110,0.3023,1.1852,-9.7322,1.8342,7.0533,172.7098,0.0000,0.0000,0.0000,0.0000,0.0000,สาม
110564,-0.2119,0.0440,0.0552,0.2508,1.1977,-9.7489,1.7970,7.0482,172.7241,0.0000,0.0000,0.0000,0.0000,0.0000,สาม
110680,-0.1964,0.0603,-0.0402,0.2945,1.1828,-9.7543,1.7890,7.0344,172.7394,0.0000,0.0000,0.0000,0.0000,0.0000,สาม
110796,-0.1779,0.0686,-0.0014,0.3214,1.1864,-9.7807,1.7970,7.0222,172.7493,0.0000,0.0000,0.0000,0.0000,0.0000,สาม
110912,-0.2134,0.0684,-0.0410,0.3095,1.2277,-9.7537,1.7976,7.0370,172.7348,0.0000,0.0000,0.0000,0.0000,0.0000,สาม
111028,-0.1318,0.0826,-0.0145,0.4489,0.7650,-9.7244,1.8810,6.7843,172.9574,0.0000,0.0000,0.0000,0.0000,0.0000,สาม
111144,0.1775,-0.0627,-0.0260,0.4244,0.7117,-9.7052,1.9423,6.5269,173.1878,0.0000,0.0000,0.0000,0.0000,0.0000,break_time
111260,-0.1257,0.0078,0.0050,0.4657,1.2744,-9.7627,2.0192,6.6175,173.0787,0.0000,0.0000,0.0000,0.0000,0.0000,break_time
111376,-0.3069,0.0926,-0.0537,0.2251,1.3995,-9.7573,1.9479,6.7723,172.9506,0.0000,0.0000,0.0000,0.0000,0.0000,break_time
111492,-0.2699,0.0739,0.0331,0.3196,1.2331,-9.7340,1.9397,6.8167,172.9102,0.0000,0.0000,0.0000,0.0000,0.0000,break_time
111608,-0.2323,0.0875,-0.0168,0.3771,1.1989,-9.7447,1.9657,6.8359,172.8845,0.0000,0.0000,0.0000,0.0000,0.0000,break_time
111724,-0.2210,0.0863,-0.0254,0.2305,1.2325,-9.7418,1.9036,6.8732,172.8656,0.0000,0.0000,0.0000,0.0000,0.0000,break_time
111840,-0.2109,0.0581,-0.0259,0.3394,1.2791,-9.7178,1.9115,6.9352,172.8037,0.0000,0.0000,0.0000,0.0000,0.0000,break_time
111956,-0.2084,0.0917,-0.0818,0.4394,1.1181,-9.7741,1.9762,6.8936,172.8261,0.0000,0.0000,0.0000,0.0000,0.0000,break_time
112072,-0.1095,0.0491,-0.0498,0.2825,1.0744,-9.7364,1.9439,6.8338,172.8925,0.0000,0.0000,0.0000,0.0000,0.0000,break_time
112188,-0.2615,0.0795,0.0386,0.3166,1.4869,-9.6765,1.9349,7.0231,172.7127,0.0000,0.0000,0.0000,0.0000,0.0000,break_time
112304,-0.3928,0.0502,-0.0683,0.4040,1.1612,-10.1260,1.9696,6.9728,172.7517,0.0000,0.0000,0.0000,0.0000,0.0000,break_time
112420,-0.2215,-0.0018,-0.0101,0.1526,1.0002,-9.7286,1.8628,6.8633,172.8861,0.0000,0.0000,0.0000,0.0000,0.0000,break_time
112536,-0.1209,0.0481,-0.0687,0.3023,1.0325,-9.8627,1.8511,6.7737,172.9756,0.0000,0.0000,0.0000,0.0000,0.0000,break_time
112652,-0.2413,0.0296,0.0027,0.2610,1.3528,-9.7316,1.8182,6.8872,172.8746,0.0000,0.0000,0.0000,0.0000,0.0000,break_time
112768,-0.2022,0.0732,0.0908,0.5363,1.2049,-9.7412,1.9489,6.9027,172.8249,0.0000,0.0000,0.0000,0.0000,0.0000,break_time
112884,-0.1919,0.0795,-0.0777,0.0233,1.3246,-9.7747,1.7674,6.9846,172.7931,0.0000,0.0000,0.0000,0.0000,0.0000,break_time
113000,-0.2410,0.1200,0.0240,0.3729,1.2067,-9.7615,1.8077,6.9904,172.7774,0.0000,0.0000,0.0000,0.0000,0.0000,break_time
113116,-0.2391,0.0683,0.0284,0.2113,1.2672,-9.7028,1.7510,7.0350,172.7482,0.0000,0.0000,0.0000,0.0000,0.0000,break_time
113232,-0.2495,0.0604,-0.0248,0.4304,1.1517,-9.6873,1.8279,7.0090,172.7542,0.0000,0.0000,0.0000,0.0000,0.0000,break_time
113348,-0.2268,0.0866,0.0577,0.2807,1.1942,-9.7424,1.8090,7.0067,172.7613,0.0000,0.0000,0.0000,0.0000,0.0000,break_time
113464,-0.2822,0.0935,0.0639,0.1341,1.0553,-9.6849,1.7078,6.9285,172.8621,0.0000,0.0000,0.0000,0.0000,0.0000,break_time
113580,-0.0244,0.0518,-0.0844,0.6477,0.9954,-9.7968,1.9141,6.8146,172.9193,0.0000,0.0000,0.0000,0.0000,0.0000,break_time
113696,-0.0811,0.0574,-0.0239,0.2263,1.2785,-9.6765,1.8559,6.8852,172.8667,0.0000,0.0000,0.0000,0.0000,0.0000,break_time
113812,-0.1857,0.0641,-0.0076,0.3119,1.3175,-9.7412,1.8520,6.9666,172.7891,0.0000,0.0000,0.0000,0.0000,0.0000,break_time
113928,-0.2125,0.0357,-0.0101,0.3945,1.2121,-9.7394,1.8970,6.9788,172.7655,0.0000,0.0000,0.0000,0.0000,0.0000,break_time
114044,-0.2146,0.0354,0.0260,0.3394,1.2486,-9.7531,1.9050,7.0101,172.7332,0.0000,0.0000,0.0000,0.0000,0.0000,nothing
114160,-0.2435,0.0702,-0.0057,0.3131,1.2708,-9.7322,1.8972,7.0526,172.6942,0.0000,0.0000,0.0000,0.0000,0.0000,nothing
114276,-0.2701,0.1050,-0.0207,0.3831,1.1768,-9.7872,1.9301,7.0324,172.7050,0.0000,0.0000,0.0000,0.0000,0.0000,nothing
114392,-0.2405,0.0714,0.0269,0.2813,1.2121,-9.7465,1.9012,7.0378,172.7075,0.0000,0.0000,0.0000,0.0000,0.0000,nothing
114508,-0.1971,0.0559,0.0095,0.3017,1.2474,-9.7597,1.8867,7.0620,172.6878,0.0000,0.0000,0.0000,0.0000,0.0000,nothing
114624,-0.2136,0.0723,-0.0083,0.3364,1.2420,-9.7340,1.8943,7.0825,172.6660,0.0000,0.0000,0.0000,0.0000,0.0000,nothing
114740,-0.2410,0.0642,0.0179,0.3340,1.2390,-9.7316,1.8999,7.0994,172.6482,0.0000,0.0000,0.0000,0.0000,0.0000,nothing
114856,-0.1729,0.0761,-0.0375,0.2604,1.2331,-9.6885,1.8628,7.1145,172.6432,0.0000,0.0000,0.0000,0.0000,0.0000,nothing
114972,-0.1727,0.0761,-0.0746,0.3125,1.1576,-9.7807,1.8582,7.0776,172.6801,0.0000,0.0000,0.0000,0.0000,0.0000,nothing
115088,-0.1738,0.0169,-0.0509,0.4124,1.1971,-9.7477,1.9129,7.0694,172.6738,0.0000,0.0000,0.0000,0.0000,0.0000,nothing
115204,-0.1690,0.0774,0.0309,0.1957,1.3013,-9.7005,1.8364,7.1262,172.6386,0.0000,0.0000,0.0000,0.0000,0.0000,nothing
115320,-0.2408,0.0648,-0.0342,0.4028,1.2331,-9.7801,1.8870,7.1316,172.6204,0.0000,0.0000,0.0000,0.0000,0.0000,nothing
115436,-0.2071,0.0567,0.0750,0.2783,1.2414,-9.7256,1.8610,7.1456,172.6136,0.0000,0.0000,0.0000,0.0000,0.0000,nothing
115552,-0.1915,0.0515,-0.0721,0.3023,1.2187,-9.7400,1.8513,7.1439,172.6177,0.0000,0.0000,0.0000,0.0000,0.0000,nothing
115668,-0.2196,0.0725,0.0322,0.2628,1.2097,-9.7693,1.8190,7.1351,172.6343,0.0000,0.0000,0.0000,0.0000,0.0000,nothing
115784,-0.1787,0.0511,0.0420,0.3125,1.3767,-9.7196,1.8194,7.2274,172.5448,0.0000,0.0000,0.0000,0.0000,0.0000,nothing
115900,-0.1973,0.0671,0.0010,0.3262,1.1876,-9.7507,1.8277,7.1986,172.5706,0.0000,0.0000,0.0000,0.0000,0.0000,nothing
116016,-0.2037,0.0735,0.0543,0.3220,1.3216,-9.7519,1.8324,7.2503,172.5194,0.0000,0.0000,0.0000,0.0000,0.0000,nothing
116132,-0.2243,0.0870,-0.0311,0.3083,1.2253,-9.7100,1.8295,7.2441,172.5261,0.0000,0.0000,0.0000,0.0000,0.0000,nothing
116248,-0.2179,0.0643,0.0189,0.3244,1.2187,-9.7220,1.8362,7.2338,172.5344,0.0000,0.0000,0.0000,0.0000,0.0000,nothing
116364,-0.2236,0.0663,0.0436,0.3334,1.1816,-9.7364,1.8473,7.2020,172.5624,0.0000,0.0000,0.0000,0.0000,0.0000,nothing
116480,-0.2333,0.0691,0.0447,0.3107,1.1959,-9.7615,1.8435,7.1799,172.5848,0.0000,0.0000,0.0000,0.0000,0.0000,nothing
116596,-0.2169,0.0688,-0.0112,0.2370,1.2175,-9.7406,1.7975,7.1742,172.6018,0.0000,0.0000,0.0000,0.0000,0.0000,nothing
116712,-0.1569,0.0622,0.0464,0.3107,1.2265,-9.7208,1.7993,7.1755,172.6000,0.0000,0.0000,0.0000,0.0000,0.0000,nothing
116828,-0.2023,0.0703,-0.0001,0.3861,1.2145,-9.7310,1.8448,7.1688,172.5952,0.0000,0.0000,0.0000,0.0000,0.0000,nothing
116944,-0.2198,0.0702,-0.0410,0.2747,1.2343,-9.7741,1.8200,7.1714,172.5989,0.0000,0.0000,0.0000,0.0000,0.0000,nothing
117060,-0.2128,0.0804,-0.0275,0.3125,1.2055,-9.7609,1.8200,7.1579,172.6120,0.0000,0.0000,0.0000,0.0000,0.0000,nothing
117176,-0.1963,0.0507,0.0046,0.4148,1.1906,-9.7280,1.8802,7.1393,172.6147,0.0000,0.0000,0.0000,0.0000,0.0000,nothing
117292,-0.1993,0.0526,0.0160,0.2580,1.2295,-9.7286,1.8430,7.1454,172.6183,0.0000,0.0000,0.0000,0.0000,0.0000,nothing
117408,-0.1960,0.0889,0.0633,0.2370,1.2229,-9.7525,1.7968,7.1454,172.6299,0.0000,0.0000,0.0000,0.0000,0.0000,nothing
117524,-0.2030,0.0765,-0.0763,0.3681,1.2540,-9.7256,1.8321,7.1650,172.6021,0.0000,0.0000,0.0000,0.0000,0.0000,nothing
117640,-0.1832,0.0618,0.0252,0.3202,1.1995,-9.7717,1.8352,7.1480,172.6178,0.0000,0.0000,0.0000,0.0000,0.0000,nothing
117756,-0.1993,0.0706,0.0232,0.2861,1.1977,-9.7555,1.8184,7.1328,172.6367,0.0000,0.0000,0.0000,0.0000,0.0000,nothing
117872,-0.2063,0.0686,-0.0326,0.3340,1.1708,-9.7723,1.8309,7.1023,172.6631,0.0000,0.0000,0.0000,0.0000,0.0000,nothing
117988,-0.2011,0.0708,-0.0094,0.3131,1.2414,-9.7543,1.8302,7.1170,172.6491,0.0000,0.0000,0.0000,0.0000,0.0000,nothing
118104,-0.1956,0.0723,-0.0198,0.3220,1.2624,-9.7639,1.8345,7.1417,172.6241,0.0000,0.0000,0.0000,0.0000,0.0000,nothing
118220,-0.2582,0.0867,0.0218,0.3466,1.2241,-9.7855,1.8524,7.1401,172.6211,0.0000,0.0000,0.0000,0.0000,0.0000,nothing
118336,-0.2125,0.0455,0.0226,0.3394,1.1816,-9.7789,1.8645,7.1146,172.6427,0.0000,0.0000,0.0000,0.0000,0.0000,nothing
118452,-0.2243,0.0667,-0.0174,0.2879,1.2091,-9.7675,1.8456,7.1085,172.6534,0.0000,0.0000,0.0000,0.0000,0.0000,nothing
118568,-0.2196,0.0465,0.0304,0.3508,1.2043,-9.7178,1.8661,7.1037,172.6529,0.0000,0.0000,0.0000,0.0000,0.0000,nothing
118684,-0.2001,0.0977,0.0192,0.3065,1.2289,-9.7687,1.8578,7.1099,172.6489,0.0000,0.0000,0.0000,0.0000,0.0000,nothing
118800,-0.1963,0.0762,0.0308,0.2849,1.1858,-9.7304,1.8386,7.0935,172.6697,0.0000,0.0000,0.0000,0.0000,0.0000,nothing
118916,-0.1740,0.0613,-0.0083,0.3759,1.2073,-9.7645,1.8735,7.0885,172.6656,0.0000,0.0000,0.0000,0.0000,0.0000,nothing
119032,-0.2204,0.0777,-0.0048,0.3274,1.2378,-9.7382,1.8772,7.1036,172.6500,0.0000,0.0000,0.0000,0.0000,0.0000,nothing
119148,-0.1944,0.0342,0.0502,0.3478,1.0738,-9.7926,1.8917,7.0185,172.7286,0.0000,0.0000,0.0000,0.0000,0.0000,nothing
119264,-0.1986,0.0470,-0.0290,0.3418,1.3665,-9.7609,1.9012,7.1134,172.6344,0.0000,0.0000,0.0000,0.0000,0.0000,nothing
119380,-0.1955,0.0680,0.0004,0.2969,1.2241,-9.7801,1.8836,7.1151,172.6373,0.0000,0.0000,0.0000,0.0000,0.0000,nothing
119496,-0.1883,0.0616,-0.0135,0.2783,1.2301,-9.7447,1.8576,7.1227,172.6366,0.0000,0.0000,0.0000,0.0000,0.0000,nothing
119612,-0.2029,0.0755,0.0350,0.3466,1.2355,-9.7447,1.8739,7.1326,172.6229,0.0000,0.0000,0.0000,0.0000,0.0000,nothing
119728,-0.1868,0.0680,0.0260,0.2873,1.2564,-9.7609,1.8537,7.1525,172.6088,0.0000,0.0000,0.0000,0.0000,0.0000,nothing
119844,-0.1924,0.1036,-0.0420,0.3717,1.2049,-9.6867,1.8862,7.1458,172.6069,0.0000,0.0000,0.0000,0.0000,0.0000,nothing
119960,-0.2030,0.1215,-0.0195,0.4435,1.2516,-9.7825,1.9553,7.1597,172.5754,0.0000,0.0000,0.0000,0.0000,0.0000,nothing
120076,-0.2146,0.1012,0.0206,0.1897,1.1253,-9.7202,1.8713,7.1043,172.6509,0.0000,0.0000,0.0000,0.0000,0.0000,nothing
120192,-0.2037,0.0342,-0.0538,0.2652,1.2007,-9.7483,1.8388,7.0958,172.6674,0.0000,0.0000,0.0000,0.0000,0.0000,nothing
120308,-0.1577,0.0560,0.0225,0.3244,1.2229,-9.7178,1.8446,7.1031,172.6589,0.0000,0.0000,0.0000,0.0000,0.0000,nothing
120424,-0.1888,0.0564,-0.0132,0.4250,1.1756,-9.7555,1.9079,7.0793,172.6656,0.0000,0.0000,0.0000,0.0000,0.0000,nothing
120540,-0.1967,0.0795,0.0119,0.2789,1.1995,-9.7046,1.8806,7.0757,172.6762,0.0000,0.0000,0.0000,0.0000,0.0000,nothing
120656,-0.1948,0.0983,0.0001,0.3903,1.1942,-9.7465,1.9201,7.0661,172.6751,0.0000,0.0000,0.0000,0.0000,0.0000,nothing
120772,-0.2169,0.0852,-0.0035,0.2933,1.2881,-9.7262,1.8994,7.1135,172.6347,0.0000,0.0000,0.0000,0.0000,0.0000,nothing
120888,-0.2135,0.0593,-0.0172,0.3077,1.2073,-9.7298,1.8892,7.1092,172.6416,0.0000,0.0000,0.0000,0.0000,0.0000,nothing
121004,-0.2005,0.0863,-0.0011,0.3214,1.1846,-9.7561,1.8876,7.0902,172.6604,0.0000,0.0000,0.0000,0.0000,0.0000,nothing
121120,-0.2018,0.0649,0.0192,0.2622,1.2181,-9.7507,1.8517,7.0930,172.6669,0.0000,0.0000,0.0000,0.0000,0.0000,nothing
121236,-0.1933,0.0832,-0.0387,0.4196,1.2307,-9.7507,1.9110,7.1024,172.6424,0.0000,0.0000,0.0000,0.0000,0.0000,nothing
121352,-0.2053,0.0848,-0.0299,0.2550,1.2355,-9.7328,1.8688,7.1154,172.6409,0.0000,0.0000,0.0000,0.0000,0.0000,nothing
121468,-0.1928,0.0795,0.0090,0.2622,1.1690,-9.7831,1.8343,7.0849,172.6791,0.0000,0.0000,0.0000,0.0000,0.0000,nothing
121584,-0.1851,0.0822,0.0027,0.2718,1.2283,-9.7382,1.8095,7.0950,172.6756,0.0000,0.0000,0.0000,0.0000,0.0000,nothing
121700,-0.1999,0.0763,-0.0416,0.4675,1.1852,-9.7328,1.9014,7.0791,172.6675,0.0000,0.0000,0.0000,0.0000,0.0000,nothing
121816,-0.1834,0.0746,-0.0085,0.1915,1.3169,-9.7046,1.8235,7.1437,172.6249,0.0000,0.0000,0.0000,0.0000,0.0000,nothing
121932,-0.2431,0.0783,0.0052,0.3232,1.2372,-9.7489,1.8296,7.1522,172.6151,0.0000,0.0000,0.0000,0.0000,0.0000,nothing
122048,-0.2219,0.0667,-0.0232,0.2526,1.2247,-9.7573,1.7937,7.1522,172.6241,0.0000,0.0000,0.0000,0.0000,0.0000,nothing
122164,-0.2243,0.0714,0.0123,0.3490,1.1882,-9.7370,1.8181,7.1322,172.6373,0.0000,0.0000,0.0000,0.0000,0.0000,nothing
122280,-0.2086,0.0727,0.0067,0.3017,1.2444,-9.7214,1.8126,7.1481,172.6233,0.0000,0.0000,0.0000,0.0000,0.0000,nothing
122396,-0.2123,0.0612,0.0164,0.2394,1.2331,-9.7046,1.7717,7.1572,172.6246,0.0000,0.0000,0.0000,0.0000,0.0000,nothing
122512,-0.1802,0.0585,-0.0633,0.3998,1.1983,-9.7346,1.8279,7.1427,172.6247,0.0000,0.0000,0.0000,0.0000,0.0000,nothing
122628,-0.2144,0.0716,0.0461,0.3711,1.2456,-9.7364,1.8617,7.1570,172.6024,0.0000,0.0000,0.0000,0.0000,0.0000,nothing
122744,-0.2350,0.0994,-0.0104,0.2400,1.1744,-9.7250,1.8160,7.1297,172.6403,0.0000,0.0000,0.0000,0.0000,0.0000,nothing
122860,-0.1877,0.0560,-0.0335,0.3364,1.2600,-9.7118,1.8311,7.1555,172.6116,0.0000,0.0000,0.0000,0.0000,0.0000,nothing
122976,-0.1925,0.0590,-0.0121,0.3753,1.2193,-9.7567,1.8666,7.1517,172.6062,0.0000,0.0000,0.0000,0.0000,0.0000,nothing
123092,-0.2142,0.0457,0.0185,0.3166,1.2097,-9.7136,1.8653,7.1461,172.6120,0.0000,0.0000,0.0000,0.0000,0.0000,nothing
123208,-0.2311,0.0661,0.0168,0.3735,1.1918,-9.7651,1.8963,7.1268,172.6227,0.0000,0.0000,0.0000,0.0000,0.0000,nothing
123324,-0.2116,0.0675,-0.0091,0.2771,1.2253,-9.7442,1.8682,7.1305,172.6263,0.0000,0.0000,0.0000,0.0000,0.0000,nothing
123440,-0.1929,0.0684,0.0578,0.3424,1.1995,-9.7675,1.8807,7.1171,172.6361,0.0000,0.0000,0.0000,0.0000,0.0000,nothing
123556,-0.2343,0.0409,0.0793,0.3663,1.2067,-9.7202,1.9068,7.1126,172.6337,0.0000,0.0000,0.0000,0.0000,0.0000,nothing
123672,-0.2035,0.0525,-0.0429,0.2933,1.2361,-9.7388,1.8872,7.1244,172.6274,0.0000,0.0000,0.0000,0.0000,0.0000,nothing
123788,-0.2121,0.0687,-0.0382,0.2801,1.2486,-9.7316,1.8621,7.1428,172.6160,0.0000,0.0000,0.0000,0.0000,0.0000,nothing
123904,-0.2345,0.0678,0.0275,0.3603,1.2133,-9.7268,1.8864,7.1391,172.6134,0.0000,0.0000,0.0000,0.0000,0.0000,nothing
124020,-0.1791,0.0892,0.0293,0.3597,1.2480,-9.7765,1.9069,7.1522,172.5954,0.0000,0.0000,0.0000,0.0000,0.0000,nothing
124136,-0.1963,0.0660,0.0245,0.3107,1.2420,-9.7310,1.8976,7.1640,172.5864,0.0000,0.0000,0.0000,0.0000,0.0000,nothing
124252,-0.2454,0.0683,0.0838,0.4292,1.1947,-9.7890,1.9573,7.1427,172.5913,0.0000,0.0000,0.0000,0.0000,0.0000,nothing
124368,-0.2076,0.0907,-0.0040,0.2765,1.1983,-9.7232,1.9233,7.1308,172.6118,0.0000,0.0000,0.0000,0.0000,0.0000,nothing
124484,-0.1964,0.0757,-0.0383,0.3352,1.1798,-9.7717,1.9260,7.1057,172.6353,0.0000,0.0000,0.0000,0.0000,0.0000,nothing
124600,-0.2026,0.0773,0.0713,0.3591,1.2127,-9.7274,1.9432,7.1053,172.6311,0.0000,0.0000,0.0000,0.0000,0.0000,nothing
124716,-0.1740,0.0574,-0.0195,0.2442,1.2319,-9.7471,1.8913,7.1149,172.6355,0.0000,0.0000,0.0000,0.0000,0.0000,nothing
124832,-0.1824,0.0630,-0.0040,0.3783,1.2271,-9.7483,1.9227,7.1203,172.6221,0.0000,0.0000,0.0000,0.0000,0.0000,nothing
124948,-0.2290,0.0672,0.0447,0.2807,1.2438,-9.7633,1.8937,7.1340,172.6164,0.0000,0.0000,0.0000,0.0000,0.0000,nothing
125064,-0.2196,0.0668,-0.0414,0.2819,1.2450,-9.7657,1.8683,7.1469,172.6104,0.0000,0.0000,0.0000,0.0000,0.0000,nothing
125180,-0.2260,0.0538,0.0357,0.3286,1.2474,-9.7172,1.8736,7.1633,172.5932,0.0000,0.0000,0.0000,0.0000,0.0000,nothing
125296,-0.0483,0.0184,-0.0221,0.2400,1.1265,-9.8256,1.8250,7.1005,172.6664,0.0000,0.0000,0.0000,0.0000,0.0000,สี่
125412,-0.4099,0.1258,0.0534,0.2712,1.5431,-9.7878,1.7991,7.2873,172.4915,0.0000,0.0000,0.0000,0.0000,0.0000,สี่
125528,-0.2814,0.0810,0.0110,0.1347,1.0673,-9.7052,1.6990,7.1869,172.6130,0.0000,0.0000,0.0000,0.0000,0.0000,สี่
125644,-0.1138,0.0348,-0.0125,0.3143,1.0433,-9.7896,1.7120,7.0760,172.7178,0.0000,0.0000,0.0000,0.0000,0.0000,สี่
125760,-0.1182,0.0498,0.1025,0.3077,1.2450,-9.7202,1.7206,7.0979,172.6944,0.0000,0.0000,0.0000,0.0000,0.0000,สี่
125876,-0.1800,0.0444,0.0515,0.3454,1.1133,-9.7202,1.7506,7.0414,172.7422,0.0000,0.0000,0.0000,0.0000,0.0000,สี่
125992,-0.1978,0.0368,0.0339,0.3154,1.2456,-9.7328,1.7597,7.0661,172.7159,0.0000,0.0000,0.0000,0.0000,0.0000,สี่
126108,-0.2075,0.0473,-0.0637,0.3388,1.2289,-9.7436,1.7813,7.0779,172.6991,0.0000,0.0000,0.0000,0.0000,0.0000,สี่
126224,-0.2067,0.0503,0.0164,0.2921,1.2456,-9.7322,1.7737,7.0992,172.6804,0.0000,0.0000,0.0000,0.0000,0.0000,สี่
126340,-0.2018,0.0611,0.0027,0.3621,1.2211,-9.7747,1.8069,7.1008,172.6706,0.0000,0.0000,0.0000,0.0000,0.0000,สี่
126456,-0.2102,0.0472,0.0470,0.3077,1.2217,-9.7220,1.8061,7.1066,172.6652,0.0000,0.0000,0.0000,0.0000,0.0000,สี่
126572,-0.2256,0.0354,-0.0140,0.3083,1.2055,-9.7657,1.8049,7.0993,172.6725,0.0000,0.0000,0.0000,0.0000,0.0000,สี่
126688,-0.1899,0.0833,0.0435,0.3334,1.2007,-9.7232,1.8193,7.0930,172.6751,0.0000,0.0000,0.0000,0.0000,0.0000,สี่
126804,-0.2061,0.0586,0.0273,0.2616,1.2241,-9.7639,1.7896,7.0980,172.6776,0.0000,0.0000,0.0000,0.0000,0.0000,สี่
126920,-0.1962,0.0657,0.0098,0.3107,1.2307,-9.7262,1.7921,7.1090,172.6663,0.0000,0.0000,0.0000,0.0000,0.0000,สี่
127036,-0.2252,0.0537,0.0473,0.3274,1.1888,-9.7430,1.8040,7.0934,172.6786,0.0000,0.0000,0.0000,0.0000,0.0000,สี่
127152,-0.1778,0.0740,-0.0019,0.3364,1.2157,-9.7238,1.8202,7.0962,172.6717,0.0000,0.0000,0.0000,0.0000,0.0000,สี่
127268,-0.1789,0.0736,0.0232,0.3484,1.2205,-9.7406,1.8414,7.1003,172.6624,0.0000,0.0000,0.0000,0.0000,0.0000,สี่
127384,-0.1831,0.0709,0.0076,0.3496,1.2241,-9.7687,1.8606,7.1041,172.6539,0.0000,0.0000,0.0000,0.0000,0.0000,สี่
127500,-0.1775,0.0613,-0.0600,0.2987,1.2295,-9.7376,1.8489,7.1130,172.6483,0.0000,0.0000,0.0000,0.0000,0.0000,สี่
127616,-0.1969,0.0503,-0.0170,0.2598,1.2319,-9.7591,1.8152,7.1209,172.6491,0.0000,0.0000,0.0000,0.0000,0.0000,สี่
127732,-0.2173,0.0622,0.0050,0.3322,1.2127,-9.7334,1.8277,7.1186,172.6482,0.0000,0.0000,0.0000,0.0000,0.0000,สี่
127848,-0.1697,0.0643,0.0318,0.3101,1.2037,-9.7220,1.8262,7.1122,172.6548,0.0000,0.0000,0.0000,0.0000,0.0000,สี่
127964,-0.2079,0.0729,-0.0269,0.2789,1.2277,-9.7537,1.8061,7.1181,172.6541,0.0000,0.0000,0.0000,0.0000,0.0000,สี่
128080,-0.1869,0.0731,0.0001,0.3969,1.1750,-9.7711,1.8565,7.0914,172.6672,0.0000,0.0000,0.0000,0.0000,0.0000,สี่
128196,-0.1973,0.0663,0.0022,0.2340,1.2271,-9.7531,1.8072,7.0992,172.6721,0.0000,0.0000,0.0000,0.0000,0.0000,สี่
128312,-0.1880,0.0663,0.0072,0.3143,1.1840,-9.7382,1.8100,7.0821,172.6880,0.0000,0.0000,0.0000,0.0000,0.0000,สี่
128428,-0.1735,0.0957,0.0528,0.3334,1.2037,-9.7352,1.8236,7.0784,172.6882,0.0000,0.0000,0.0000,0.0000,0.0000,สี่
128544,-0.1910,0.0419,0.0266,0.3466,1.2301,-9.7394,1.8435,7.0899,172.6720,0.0000,0.0000,0.0000,0.0000,0.0000,สี่
128660,-0.1915,0.0757,0.0074,0.4370,1.2498,-9.7280,1.9142,7.1123,172.6320,0.0000,0.0000,0.0000,0.0000,0.0000,สี่
128776,-0.2357,0.0934,-0.0495,0.3627,1.2666,-9.7310,1.9344,7.1422,172.5979,0.0000,0.0000,0.0000,0.0000,0.0000,สี่
128892,-0.2087,0.0464,0.0515,0.2849,1.1367,-9.7400,1.9075,7.0934,172.6521,0.0000,0.0000,0.0000,0.0000,0.0000,break_time
129008,-0.0803,-0.1256,-0.0474,0.4471,1.1792,-9.8597,1.9753,7.0651,172.6613,0.0000,0.0000,0.0000,0.0000,0.0000,break_time
129124,-0.4102,0.0908,0.0309,0.3131,1.4701,-9.6735,1.9611,7.2216,172.5141,0.0000,0.0000,0.0000,0.0000,0.0000,break_time
129240,-0.2653,0.1037,0.0125,0.2418,1.0643,-9.7477,1.9064,7.1226,172.6242,0.0000,0.0000,0.0000,0.0000,0.0000,break_time
129356,-0.1618,0.0635,0.0056,0.2670,1.1109,-9.7872,1.8709,7.0575,172.6963,0.0000,0.0000,0.0000,0.0000,0.0000,break_time
129472,-0.1498,0.0383,-0.0005,0.2526,1.2205,-9.7465,1.8312,7.0653,172.6989,0.0000,0.0000,0.0000,0.0000,0.0000,break_time
129588,-0.1790,0.0494,-0.0105,0.3101,1.2528,-9.7585,1.8285,7.0900,172.6757,0.0000,0.0000,0.0000,0.0000,0.0000,break_time
129704,-0.2252,0.0650,0.0552,0.2891,1.2001,-9.7286,1.8147,7.0840,172.6850,0.0000,0.0000,0.0000,0.0000,0.0000,break_time
129820,-0.2022,0.0579,0.0279,0.3945,1.2378,-9.7459,1.8631,7.0989,172.6583,0.0000,0.0000,0.0000,0.0000,0.0000,break_time
129936,-0.2177,0.0769,-0.0076,0.4124,1.1953,-9.7537,1.9172,7.0871,172.6556,0.0000,0.0000,0.0000,0.0000,0.0000,break_time
130052,-0.2352,0.0545,-0.0166,0.2233,1.2067,-9.7489,1.8557,7.0838,172.6747,0.0000,0.0000,0.0000,0.0000,0.0000,break_time
130168,-0.2322,0.0638,-0.0091,0.2765,1.2474,-9.7316,1.8316,7.1056,172.6598,0.0000,0.0000,0.0000,0.0000,0.0000,break_time
130284,-0.2245,0.0288,-0.0112,0.3741,1.2097,-9.7298,1.8669,7.1033,172.6531,0.0000,0.0000,0.0000,0.0000,0.0000,break_time
130400,-0.1845,0.0742,0.0132,0.3909,1.1971,-9.7483,1.9081,7.0925,172.6528,0.0000,0.0000,0.0000,0.0000,0.0000,break_time
130516,-0.2188,0.0837,0.0119,0.2376,1.2343,-9.7232,1.8563,7.1065,172.6527,0.0000,0.0000,0.0000,0.0000,0.0000,break_time
130632,-0.1940,0.0553,0.0116,0.2855,1.1918,-9.7507,1.8372,7.0924,172.6712,0.0000,0.0000,0.0000,0.0000,0.0000,break_time
130748,-0.2039,0.0763,-0.0608,0.4262,1.2325,-9.7250,1.9023,7.1047,172.6425,0.0000,0.0000,0.0000,0.0000,0.0000,break_time
130864,-0.1849,0.0823,0.0060,0.2688,1.2235,-9.7549,1.8686,7.1089,172.6472,0.0000,0.0000,0.0000,0.0000,0.0000,break_time
130980,-0.2136,0.0658,0.0142,0.2753,1.2564,-9.7052,1.8430,7.1353,172.6282,0.0000,0.0000,0.0000,0.0000,0.0000,break_time
131096,-0.2187,0.0470,0.0184,0.2909,1.1906,-9.7412,1.8285,7.1182,172.6483,0.0000,0.0000,0.0000,0.0000,0.0000,break_time
131212,-0.2294,0.0684,0.0513,0.3813,1.1942,-9.6981,1.8690,7.1079,172.6480,0.0000,0.0000,0.0000,0.0000,0.0000,break_time
131328,-0.1881,0.0494,0.0333,0.3083,1.2097,-9.7866,1.8611,7.1014,172.6564,0.0000,0.0000,0.0000,0.0000,0.0000,break_time
131444,-0.2371,0.0905,-0.0259,0.2472,1.1660,-9.7358,1.8194,7.0740,172.6934,0.0000,0.0000,0.0000,0.0000,0.0000,break_time
131560,-0.1820,0.0596,-0.0059,0.3573,1.1989,-9.7406,1.8460,7.0679,172.6926,0.0000,0.0000,0.0000,0.0000,0.0000,break_time
131676,-0.1746,0.0476,-0.0243,0.3137,1.1888,-9.7298,1.8447,7.0573,172.7032,0.0000,0.0000,0.0000,0.0000,0.0000,break_time
131792,-0.1641,0.0598,0.0199,0.3286,1.2085,-9.7118,1.8525,7.0605,172.6981,0.0000,0.0000,0.0000,0.0000,0.0000,break_time
131908,-0.2023,0.0570,-0.0611,0.2801,1.2492,-9.7447,1.8306,7.0847,172.6803,0.0000,0.0000,0.0000,0.0000,0.0000,break_time
132024,-0.2405,0.0619,0.0356,0.2646,1.2295,-9.7459,1.8018,7.0950,172.6775,0.0000,0.0000,0.0000,0.0000,0.0000,nothing
132140,-0.2360,0.0658,-0.0697,0.3879,1.3079,-9.7902,1.8468,7.1461,172.6167,0.0000,0.0000,0.0000,0.0000,0.0000,nothing
132256,-0.1943,0.0646,0.0376,0.0084,1.2887,-9.7106,1.6675,7.1877,172.6194,0.0000,0.0000,0.0000,0.0000,0.0000,nothing
132372,-0.2106,0.0818,-0.0093,0.4759,1.1636,-9.7489,1.7783,7.1489,172.6310,0.0000,0.0000,0.0000,0.0000,0.0000,nothing
132488,-0.2050,0.0641,-0.0011,0.2334,1.2564,-9.7358,1.7367,7.1691,172.6214,0.0000,0.0000,0.0000,0.0000,0.0000,nothing
132604,-0.2035,0.0675,-0.0010,0.4226,1.1606,-9.7729,1.8091,7.1288,172.6429,0.0000,0.0000,0.0000,0.0000,0.0000,nothing
132720,-0.1869,0.0571,0.0240,0.2233,1.2462,-9.7184,1.7589,7.1465,172.6381,0.0000,0.0000,0.0000,0.0000,0.0000,nothing
132836,-0.2067,0.0454,0.0387,0.3819,1.1798,-9.7238,1.8062,7.1231,172.6491,0.0000,0.0000,0.0000,0.0000,0.0000,nothing
132952,-0.2143,0.0504,0.0363,0.3723,1.2570,-9.7286,1.8429,7.1465,172.6173,0.0000,0.0000,0.0000,0.0000,0.0000,nothing
133068,-0.2004,0.0856,0.0151,0.2400,1.2199,-9.7430,1.7986,7.1453,172.6295,0.0000,0.0000,0.0000,0.0000,0.0000,nothing
133184,-0.1903,0.0598,0.0622,0.3089,1.1696,-9.7914,1.7982,7.1115,172.6624,0.0000,0.0000,0.0000,0.0000,0.0000,nothing
133300,-0.2222,0.0844,-0.0177,0.3280,1.1930,-9.7256,1.8101,7.0993,172.6713,0.0000,0.0000,0.0000,0.0000,0.0000,nothing
133416,-0.1873,0.0716,0.0241,0.3250,1.1977,-9.7639,1.8183,7.0883,172.6799,0.0000,0.0000,0.0000,0.0000,0.0000,nothing
133532,-0.1964,0.0570,0.0278,0.3029,1.2552,-9.7860,1.8123,7.1101,172.6602,0.0000,0.0000,0.0000,0.0000,0.0000,nothing
133648,-0.2254,0.0626,0.0109,0.3418,1.2720,-9.7328,1.8305,7.1432,172.6236,0.0000,0.0000,0.0000,0.0000,0.0000,nothing
133764,-0.2140,0.0982,-0.0269,0.3160,1.2271,-9.7418,1.8318,7.1465,172.6201,0.0000,0.0000,0.0000,0.0000,0.0000,nothing
133880,-0.2484,0.0528,0.0318,0.3172,1.2199,-9.7549,1.8334,7.1442,172.6219,0.0000,0.0000,0.0000,0.0000,0.0000,nothing
133996,-0.2083,0.0585,0.0057,0.3041,1.1750,-9.7609,1.8272,7.1159,172.6509,0.0000,0.0000,0.0000,0.0000,0.0000,nothing
134112,-0.1937,0.0503,-0.0583,0.2969,1.2307,-9.7328,1.8179,7.1246,172.6448,0.0000,0.0000,0.0000,0.0000,0.0000,nothing
134228,-0.2072,0.0612,0.0852,0.3478,1.1570,-9.7507,1.8389,7.0884,172.6745,0.0000,0.0000,0.0000,0.0000,0.0000,nothing
134344,-0.1959,0.0920,-0.0174,0.2771,1.2594,-9.7190,1.8171,7.1176,172.6518,0.0000,0.0000,0.0000,0.0000,0.0000,nothing
134460,-0.2177,0.0815,-0.0391,0.3196,1.2660,-9.7471,1.8216,7.1455,172.6236,0.0000,0.0000,0.0000,0.0000,0.0000,nothing
134576,-0.2194,0.0732,-0.0251,0.3286,1.2355,-9.7453,1.8311,7.1530,172.6140,0.0000,0.0000,0.0000,0.0000,0.0000,nothing
134692,-0.2300,0.0609,-0.0643,0.3370,1.2037,-9.7783,1.8439,7.1391,172.6243,0.0000,0.0000,0.0000,0.0000,0.0000,nothing
134808,-0.2243,0.0551,0.0056,0.2700,1.1942,-9.7346,1.8172,7.1243,172.6453,0.0000,0.0000,0.0000,0.0000,0.0000,nothing
134924,-0.2192,0.0798,0.0147,0.3585,1.1882,-9.7274,1.8450,7.1078,172.6542,0.0000,0.0000,0.0000,0.0000,0.0000,nothing
135040,-0.2214,0.0894,-0.0593,0.2646,1.2133,-9.7118,1.8154,7.1089,172.6606,0.0000,0.0000,0.0000,0.0000,0.0000,nothing
135156,-0.1970,0.0590,0.0499,0.3214,1.1989,-9.7442,1.8214,7.0991,172.6687,0.0000,0.0000,0.0000,0.0000,0.0000,nothing
135272,-0.2128,0.0855,0.0397,0.2987,1.2289,-9.7495,1.8134,7.1072,172.6628,0.0000,0.0000,0.0000,0.0000,0.0000,nothing
135388,-0.2151,0.0509,-0.0102,0.3148,1.1995,-9.7795,1.8151,7.0954,172.6738,0.0000,0.0000,0.0000,0.0000,0.0000,nothing
135504,-0.2209,0.0849,0.0005,0.4549,1.2025,-9.7495,1.8987,7.0883,172.6592,0.0000,0.0000,0.0000,0.0000,0.0000,nothing
135620,-0.1970,0.0657,-0.0095,0.3316,1.1983,-9.7418,1.9024,7.0804,172.6660,0.0000,0.0000,0.0000,0.0000,0.0000,nothing
135736,-0.2150,0.0729,0.0149,0.3178,1.2331,-9.7693,1.8970,7.0914,172.6568,0.0000,0.0000,0.0000,0.0000,0.0000,nothing
135852,-0.1979,0.0667,-0.0243,0.3304,1.2420,-9.7226,1.9004,7.1098,172.6381,0.0000,0.0000,0.0000,0.0000,0.0000,nothing
135968,-0.2024,0.0638,0.0079,0.3831,1.1900,-9.7495,1.9337,7.0941,172.6444,0.0000,0.0000,0.0000,0.0000,0.0000,nothing
136084,-0.2042,0.0658,-0.0001,0.3017,1.1918,-9.7262,1.9167,7.0830,172.6597,0.0000,0.0000,0.0000,0.0000,0.0000,nothing
136200,-0.1982,0.0712,0.0196,0.3400,1.1912,-9.7585,1.9231,7.0702,172.6704,0.0000,0.0000,0.0000,0.0000,0.0000,nothing
136316,-0.1756,0.0436,0.0198,0.3484,1.2462,-9.7196,1.9344,7.0933,172.6451,0.0000,0.0000,0.0000,0.0000,0.0000,nothing
136432,-0.1929,0.0956,0.0060,0.2993,1.2043,-9.7202,1.9160,7.0899,172.6532,0.0000,0.0000,0.0000,0.0000,0.0000,nothing
136548,-0.2259,0.0541,0.0095,0.3322,1.2307,-9.7507,1.9180,7.0999,172.6430,0.0000,0.0000,0.0000,0.0000,0.0000,nothing
136664,-0.1849,0.0768,-0.0293,0.2897,1.2361,-9.7495,1.8950,7.1121,172.6372,0.0000,0.0000,0.0000,0.0000,0.0000,nothing
136780,-0.2237,0.0563,-0.0304,0.3310,1.2540,-9.7118,1.8991,7.1362,172.6129,0.0000,0.0000,0.0000,0.0000,0.0000,nothing
136896,-0.2328,0.0738,0.0128,0.3131,1.2199,-9.7866,1.8910,7.1327,172.6184,0.0000,0.0000,0.0000,0.0000,0.0000,nothing
137012,-0.2139,0.0916,0.0575,0.3304,1.2720,-9.7358,1.8946,7.1634,172.5878,0.0000,0.0000,0.0000,0.0000,0.0000,nothing
137128,-0.2483,0.1232,0.0275,0.2759,1.4144,-9.8232,1.8642,7.2670,172.4952,0.0000,0.0000,0.0000,0.0000,0.0000,error_redo
137244,-0.2168,0.1029,-0.0553,0.2777,0.9739,-10.0943,1.8339,7.0863,172.6779,0.0000,0.0000,0.0000,0.0000,0.0000,error_redo
137360,-0.0282,0.0327,-0.0559,0.3909,1.1882,-9.7489,1.8783,7.0720,172.6803,0.0000,0.0000,0.0000,0.0000,0.0000,error_redo
137476,-0.1810,0.0314,-0.0375,0.3633,1.3240,-9.7825,1.9013,7.1352,172.6133,0.0000,0.0000,0.0000,0.0000,0.0000,error_redo
137592,-0.2514,0.0470,0.0136,0.3107,1.2899,-9.7136,1.8928,7.1775,172.5746,0.0000,0.0000,0.0000,0.0000,0.0000,error_redo
137708,-0.2601,0.0613,0.0184,0.3550,1.2289,-9.7232,1.9108,7.1796,172.5679,0.0000,0.0000,0.0000,0.0000,0.0000,error_redo
137824,-0.2412,0.0586,0.0450,0.3256,1.2492,-9.7986,1.9085,7.1878,172.5605,0.0000,0.0000,0.0000,0.0000,0.0000,error_redo
137940,-0.2024,0.0634,-0.0065,0.3053,1.2067,-9.7519,1.8957,7.1741,172.5771,0.0000,0.0000,0.0000,0.0000,0.0000,error_redo
138056,-0.1581,0.0556,0.0194,0.3651,1.2067,-9.7430,1.9190,7.1623,172.5825,0.0000,0.0000,0.0000,0.0000,0.0000,error_redo
138172,-0.1994,0.0852,-0.0345,0.3059,1.2552,-9.7394,1.9056,7.1800,172.5688,0.0000,0.0000,0.0000,0.0000,0.0000,error_redo
138288,-0.2263,0.1005,-0.0329,0.3053,1.1989,-9.7609,1.8928,7.1620,172.5896,0.0000,0.0000,0.0000,0.0000,0.0000,error_redo
138404,-0.1898,0.0537,-0.0237,0.2915,1.1654,-9.7442,1.8737,7.1276,172.6278,0.0000,0.0000,0.0000,0.0000,0.0000,error_redo
138520,-0.1774,0.0450,-0.0458,0.3657,1.1995,-9.7555,1.8994,7.1154,172.6329,0.0000,0.0000,0.0000,0.0000,0.0000,error_redo
138636,-0.2282,0.0318,0.0363,0.2628,1.2438,-9.7400,1.8629,7.1313,172.6270,0.0000,0.0000,0.0000,0.0000,0.0000,error_redo
138752,-0.2150,0.0634,0.0210,0.3460,1.2522,-9.7459,1.8782,7.1499,172.6051,0.0000,0.0000,0.0000,0.0000,0.0000,error_redo
138868,-0.2324,0.0744,0.0165,0.3041,1.2372,-9.7459,1.8677,7.1580,172.5999,0.0000,0.0000,0.0000,0.0000,0.0000,error_redo
138984,-0.2254,0.0509,-0.0315,0.2993,1.2223,-9.7232,1.8559,7.1584,172.6025,0.0000,0.0000,0.0000,0.0000,0.0000,error_redo
139100,-0.1986,0.0582,0.0123,0.3208,1.2223,-9.7142,1.8580,7.1593,172.6011,0.0000,0.0000,0.0000,0.0000,0.0000,error_redo
139216,-0.2161,0.0776,0.0091,0.3274,1.2175,-9.7274,1.8635,7.1564,172.6025,0.0000,0.0000,0.0000,0.0000,0.0000,error_redo
139332,-0.2052,0.0792,0.0213,0.3148,1.2151,-9.7346,1.8609,7.1519,172.6075,0.0000,0.0000,0.0000,0.0000,0.0000,error_redo
139448,-0.2192,0.0506,0.0083,0.3047,1.3719,-9.7585,1.8519,7.2368,172.5275,0.0000,0.0000,0.0000,0.0000,0.0000,error_redo
139564,-0.2134,0.0724,0.0269,0.3262,1.2019,-9.7543,1.8568,7.2152,172.5472,0.0000,0.0000,0.0000,0.0000,0.0000,error_redo
139680,-0.2014,0.0712,-0.0063,0.2789,1.1912,-9.7418,1.8340,7.1905,172.5769,0.0000,0.0000,0.0000,0.0000,0.0000,error_redo
139796,-0.1945,0.0449,0.0198,0.3310,1.2187,-9.7232,1.8440,7.1855,172.5792,0.0000,0.0000,0.0000,0.0000,0.0000,error_redo
139912,-0.1789,0.0612,-0.0196,0.3256,1.1995,-9.7346,1.8498,7.1691,172.5937,0.0000,0.0000,0.0000,0.0000,0.0000,error_redo
140028,-0.1757,0.0849,-0.0338,0.3047,1.1750,-9.7639,1.8422,7.1380,172.6257,0.0000,0.0000,0.0000,0.0000,0.0000,error_redo
140144,-0.1560,0.0583,0.0315,0.2963,1.1953,-9.7094,1.8315,7.1258,172.6402,0.0000,0.0000,0.0000,0.0000,0.0000,error_redo
140260,-0.2048,0.0585,0.0042,0.3340,1.2588,-9.7166,1.8436,7.1509,172.6129,0.0000,0.0000,0.0000,0.0000,0.0000,error_redo
140376,-0.0622,0.1232,0.0037,0.3831,0.9128,-9.6813,1.8846,6.9755,172.7720,0.0000,0.0000,0.0000,0.0000,0.0000,cooldown
140492,0.0718,0.0578,-0.0318,0.5872,1.1618,-9.8214,2.0372,6.9514,172.7534,0.0000,0.0000,0.0000,0.0000,0.0000,cooldown
140608,-0.1478,0.0230,0.0139,0.3615,1.3025,-9.7609,2.0438,7.0160,172.6895,0.0000,0.0000,0.0000,0.0000,0.0000,cooldown
140724,-0.2788,0.0541,-0.0020,0.3340,1.3193,-9.7070,2.0347,7.0878,172.6231,0.0000,0.0000,0.0000,0.0000,0.0000,cooldown
140840,-0.2586,0.0765,0.0139,0.2957,1.2504,-9.7262,2.0040,7.1112,172.6090,0.0000,0.0000,0.0000,0.0000,0.0000,cooldown
140956,-0.2232,0.0894,0.0371,0.3250,1.1918,-9.7663,1.9928,7.0954,172.6273,0.0000,0.0000,0.0000,0.0000,0.0000,cooldown
141072,-0.1877,0.0773,-0.0136,0.2969,1.2372,-9.7471,1.9666,7.1090,172.6213,0.0000,0.0000,0.0000,0.0000,0.0000,cooldown
141188,-0.2228,0.0694,0.0500,0.2945,1.1840,-9.7136,1.9424,7.0927,172.6434,0.0000,0.0000,0.0000,0.0000,0.0000,cooldown
141304,-0.1943,0.0728,-0.0094,0.2741,1.2151,-9.7537,1.9079,7.0933,172.6520,0.0000,0.0000,0.0000,0.0000,0.0000,cooldown
141420,-0.2076,0.0615,0.0157,0.3418,1.2073,-9.7585,1.9162,7.0888,172.6542,0.0000,0.0000,0.0000,0.0000,0.0000,cooldown
141536,-0.1861,0.0509,0.0691,0.3334,1.2061,-9.7507,1.9189,7.0847,172.6575,0.0000,0.0000,0.0000,0.0000,0.0000,cooldown
141652,-0.2170,0.0669,-0.0262,0.3238,1.1942,-9.7334,1.9161,7.0753,172.6673,0.0000,0.0000,0.0000,0.0000,0.0000,cooldown
141768,-0.1809,0.0626,0.0059,0.2867,1.2486,-9.7513,1.8916,7.0972,172.6526,0.0000,0.0000,0.0000,0.0000,0.0000,cooldown
141884,-0.2204,0.0650,-0.0014,0.3466,1.1912,-9.7370,1.9047,7.0845,172.6614,0.0000,0.0000,0.0000,0.0000,0.0000,cooldown
142000,-0.2316,0.0701,-0.0292,0.3005,1.2301,-9.7645,1.8891,7.0937,172.6566,0.0000,0.0000,0.0000,0.0000,0.0000,cooldown
142116,-0.2165,0.0517,0.0515,0.3346,1.2013,-9.7436,1.8954,7.0868,172.6616,0.0000,0.0000,0.0000,0.0000,0.0000,cooldown
142232,-0.2067,0.0672,-0.0631,0.3358,1.1894,-9.7501,1.9017,7.0732,172.6731,0.0000,0.0000,0.0000,0.0000,0.0000,cooldown
142348,-0.1959,0.0582,0.0098,0.2873,1.2103,-9.7364,1.8793,7.0742,172.6780,0.0000,0.0000,0.0000,0.0000,0.0000,cooldown
142464,-0.1922,0.0438,0.0450,0.2849,1.2349,-9.7376,1.8576,7.0892,172.6691,0.0000,0.0000,0.0000,0.0000,0.0000,cooldown
142580,-0.1836,0.0609,0.0018,0.3131,1.2343,-9.7693,1.8539,7.1000,172.6595,0.0000,0.0000,0.0000,0.0000,0.0000,cooldown
142696,-0.2019,0.0687,0.0130,0.3071,1.2510,-9.7340,1.8478,7.1220,172.6398,0.0000,0.0000,0.0000,0.0000,0.0000,cooldown
142812,-0.2044,0.0597,-0.0064,0.3454,1.0774,-9.7615,1.8644,7.0392,172.7156,0.0000,0.0000,0.0000,0.0000,0.0000,cooldown
142928,-0.2282,0.0608,-0.0254,0.3328,1.2355,-9.7316,1.8723,7.0584,172.6951,0.0000,0.0000,0.0000,0.0000,0.0000,cooldown
143044,-0.1823,0.0668,0.0333,0.2807,1.2366,-9.7364,1.8489,7.0761,172.6839,0.0000,0.0000,0.0000,0.0000,0.0000,cooldown
143160,-0.2087,0.0683,0.0089,0.3591,1.1983,-9.7579,1.8733,7.0681,172.6854,0.0000,0.0000,0.0000,0.0000,0.0000,cooldown
143276,-0.2054,0.0792,-0.0331,0.3125,1.2055,-9.7615,1.8679,7.0650,172.6898,0.0000,0.0000,0.0000,0.0000,0.0000,cooldown
143392,-0.1909,0.0772,0.0733,0.3190,1.2145,-9.7777,1.8665,7.0662,172.6890,0.0000,0.0000,0.0000,0.0000,0.0000,cooldown
143508,-0.1770,0.0309,-0.0724,0.3184,1.2241,-9.6843,1.8667,7.0795,172.6761,0.0000,0.0000,0.0000,0.0000,0.0000,cooldown
143624,-0.2138,0.0822,-0.0818,0.3466,1.2313,-9.7627,1.8818,7.0899,172.6621,0.0000,0.0000,0.0000,0.0000,0.0000,cooldown
143740,-0.1840,0.0774,0.0168,0.2957,1.2037,-9.6957,1.8671,7.0883,172.6674,0.0000,0.0000,0.0000,0.0000,0.0000,cooldown
143856,-0.2176,0.0564,-0.0146,0.3292,1.2157,-9.7573,1.8721,7.0893,172.6652,0.0000,0.0000,0.0000,0.0000,0.0000,cooldown
143972,-0.1975,0.0684,-0.0131,0.3232,1.2049,-9.7573,1.8732,7.0840,172.6701,0.0000,0.0000,0.0000,0.0000,0.0000,cooldown
144088,-0.2116,0.0714,-0.0286,0.3424,1.2025,-9.7884,1.8848,7.0755,172.6753,0.0000,0.0000,0.0000,0.0000,0.0000,cooldown
144204,-0.2083,0.0802,0.0443,0.2939,1.2372,-9.7447,1.8677,7.0912,172.6645,0.0000,0.0000,0.0000,0.0000,0.0000,cooldown
144320,-0.2000,0.0834,-0.0397,0.3436,1.2049,-9.7543,1.8811,7.0858,172.6662,0.0000,0.0000,0.0000,0.0000,0.0000,cooldown
144436,-0.1866,0.0731,-0.0424,0.2861,1.1971,-9.7142,1.8605,7.0795,172.6776,0.0000,0.0000,0.0000,0.0000,0.0000,cooldown
144552,-0.1979,0.0908,-0.0409,0.3436,1.1906,-9.7489,1.8748,7.0674,172.6857,0.0000,0.0000,0.0000,0.0000,0.0000,cooldown
144668,-0.2283,0.0573,0.0319,0.3322,1.2235,-9.7465,1.8810,7.0758,172.6760,0.0000,0.0000,0.0000,0.0000,0.0000,cooldown
144784,-0.2065,0.0594,-0.0225,0.3077,1.2355,-9.7322,1.8726,7.0913,172.6632,0.0000,0.0000,0.0000,0.0000,0.0000,cooldown
144900,-0.2240,0.0551,-0.0023,0.3538,1.2127,-9.7549,1.8914,7.0903,172.6592,0.0000,0.0000,0.0000,0.0000,0.0000,cooldown
145016,-0.2244,0.0616,0.0398,0.3047,1.2103,-9.7394,1.8801,7.0894,172.6631,0.0000,0.0000,0.0000,0.0000,0.0000,cooldown
145132,-0.2151,0.0727,0.0023,0.3388,1.2139,-9.7430,1.8897,7.0902,172.6598,0.0000,0.0000,0.0000,0.0000,0.0000,cooldown
145248,-0.1918,0.0668,0.0042,0.3023,1.2151,-9.7531,1.8769,7.0910,172.6623,0.0000,0.0000,0.0000,0.0000,0.0000,cooldown
145364,-0.1671,0.0661,-0.0044,0.3532,1.2073,-9.7573,1.8950,7.0868,172.6617,0.0000,0.0000,0.0000,0.0000,0.0000,cooldown
145480,-0.1902,0.0987,0.0427,0.3322,1.2127,-9.7447,1.8992,7.0871,172.6603,0.0000,0.0000,0.0000,0.0000,0.0000,cooldown
145596,-0.1800,0.0589,0.0085,0.2987,1.2133,-9.7501,1.8834,7.0874,172.6641,0.0000,0.0000,0.0000,0.0000,0.0000,cooldown
145712,-0.2009,0.0556,0.0697,0.1736,1.2337,-9.7250,1.7967,7.1016,172.6724,0.0000,0.0000,0.0000,0.0000,0.0000,cooldown
145828,-0.1794,0.0868,-0.0115,0.2921,1.2067,-9.7537,1.7873,7.0964,172.6798,0.0000,0.0000,0.0000,0.0000,0.0000,cooldown
145944,-0.1936,0.0860,0.0361,0.3208,1.2145,-9.7334,1.7959,7.0976,172.6765,0.0000,0.0000,0.0000,0.0000,0.0000,cooldown
146060,-0.1678,0.0277,-0.0070,0.2873,1.2115,-9.7561,1.7837,7.0954,172.6816,0.0000,0.0000,0.0000,0.0000,0.0000,cooldown
146176,-0.2210,0.0626,-0.0234,0.3107,1.2283,-9.7453,1.7865,7.1038,172.6727,0.0000,0.0000,0.0000,0.0000,0.0000,cooldown
146292,-0.2207,0.0551,-0.0344,0.3448,1.2546,-9.7316,1.8090,7.1276,172.6441,0.0000,0.0000,0.0000,0.0000,0.0000,cooldown
146408,-0.2207,0.0821,0.0334,0.3214,1.2223,-9.7292,1.8159,7.1305,172.6396,0.0000,0.0000,0.0000,0.0000,0.0000,cooldown
146524,-0.2139,0.0868,-0.0598,0.3238,1.2259,-9.7477,1.8231,7.1339,172.6345,0.0000,0.0000,0.0000,0.0000,0.0000,cooldown
146640,-0.1804,0.0675,0.0686,0.3178,1.2139,-9.7579,1.8259,7.1292,172.6383,0.0000,0.0000,0.0000,0.0000,0.0000,cooldown
146756,-0.2251,0.0656,-0.0453,0.3160,1.1942,-9.7561,1.8275,7.1138,172.6529,0.0000,0.0000,0.0000,0.0000,0.0000,cooldown
146872,-0.2211,0.0669,-0.0048,0.2897,1.2259,-9.7579,1.8135,7.1181,172.6522,0.0000,0.0000,0.0000,0.0000,0.0000,cooldown
146988,-0.2184,0.0784,0.0605,0.3538,1.2043,-9.7681,1.8380,7.1087,172.6552,0.0000,0.0000,0.0000,0.0000,0.0000,cooldown
147104,-0.1943,0.0529,0.0176,0.2843,1.2217,-9.7442,1.8201,7.1122,172.6563,0.0000,0.0000,0.0000,0.0000,0.0000,cooldown
147220,-0.2023,0.0785,-0.0052,0.3154,1.2019,-9.7549,1.8219,7.1030,172.6647,0.0000,0.0000,0.0000,0.0000,0.0000,cooldown
147336,-0.1933,0.0654,0.0195,0.3077,1.2103,-9.7567,1.8189,7.0995,172.6689,0.0000,0.0000,0.0000,0.0000,0.0000,cooldown
147452,-0.2030,0.0491,0.0183,0.3154,1.2355,-9.7825,1.8203,7.1090,172.6593,0.0000,0.0000,0.0000,0.0000,0.0000,cooldown
147568,-0.2200,0.0648,0.0030,0.3388,1.2343,-9.7597,1.8355,7.1184,172.6464,0.0000,0.0000,0.0000,0.0000,0.0000,cooldown
147684,-0.2166,0.0872,-0.0236,0.3556,1.2408,-9.7465,1.8592,7.1316,172.6275,0.0000,0.0000,0.0000,0.0000,0.0000,cooldown
147800,-0.1925,0.0611,-0.0233,0.3208,1.2235,-9.7316,1.8606,7.1347,172.6243,0.0000,0.0000,0.0000,0.0000,0.0000,cooldown
147916,-0.2102,0.0624,0.0428,0.3346,1.2127,-9.7334,1.8699,7.1310,172.6254,0.0000,0.0000,0.0000,0.0000,0.0000,cooldown
148032,-0.1958,0.0436,-0.0255,0.3059,1.2163,-9.7555,1.8611,7.1282,172.6304,0.0000,0.0000,0.0000,0.0000,0.0000,cooldown
148148,-0.1866,0.0598,-0.0020,0.3113,1.2408,-9.7561,1.8563,7.1399,172.6203,0.0000,0.0000,0.0000,0.0000,0.0000,cooldown
148264,-0.2095,0.0878,-0.0174,0.3430,1.2067,-9.7400,1.8708,7.1317,172.6245,0.0000,0.0000,0.0000,0.0000,0.0000,cooldown
148380,-0.1951,0.0761,-0.0324,0.3316,1.2504,-9.7615,1.8767,7.1481,172.6071,0.0000,0.0000,0.0000,0.0000,0.0000,cooldown
148496,-0.1902,0.0401,0.0480,0.3208,1.2540,-9.7118,1.8767,7.1686,172.5873,0.0000,0.0000,0.0000,0.0000,0.0000,cooldown
148612,-0.1945,0.0729,0.0195,0.3591,1.2121,-9.7585,1.8982,7.1593,172.5908,0.0000,0.0000,0.0000,0.0000,0.0000,cooldown
148728,-0.2139,0.0731,-0.0192,0.3418,1.1971,-9.7459,1.9077,7.1432,172.6038,0.0000,0.0000,0.0000,0.0000,0.0000,cooldown
148844,-0.2072,0.0686,0.0374,0.2945,1.2181,-9.7334,1.8890,7.1419,172.6100,0.0000,0.0000,0.0000,0.0000,0.0000,cooldown
148960,-0.2244,0.0727,-0.0095,0.3532,1.2163,-9.7855,1.9052,7.1358,172.6117,0.0000,0.0000,0.0000,0.0000,0.0000,cooldown
149076,-0.2090,0.0716,0.0594,0.3478,1.2031,-9.7501,1.9175,7.1252,172.6187,0.0000,0.0000,0.0000,0.0000,0.0000,cooldown
149192,-0.1988,0.0892,-0.0300,0.3089,1.2175,-9.7268,1.9062,7.1258,172.6211,0.0000,0.0000,0.0000,0.0000,0.0000,cooldown
149308,-0.2136,0.0683,-0.0293,0.3382,1.2223,-9.7669,1.9124,7.1261,172.6192,0.0000,0.0000,0.0000,0.0000,0.0000,cooldown
149424,-0.2045,0.0489,0.0293,0.2700,1.1804,-9.7573,1.8785,7.1030,172.6503,0.0000,0.0000,0.0000,0.0000,0.0000,cooldown
149540,-0.1836,0.0570,0.0060,0.3508,1.2175,-9.7160,1.8957,7.1065,172.6425,0.0000,0.0000,0.0000,0.0000,0.0000,cooldown
149656,-0.2034,0.0532,0.0196,0.3184,1.2283,-9.7537,1.8917,7.1132,172.6370,0.0000,0.0000,0.0000,0.0000,0.0000,cooldown
149772,-0.2076,0.0742,0.0194,0.2921,1.2019,-9.7292,1.8732,7.1059,172.6489,0.0000,0.0000,0.0000,0.0000,0.0000,cooldown
149888,-0.1899,0.0525,0.1835,0.2891,1.2235,-9.7364,1.8547,7.1112,172.6485,0.0000,0.0000,0.0000,0.0000,0.0000,cooldown
150004,-0.2105,0.0676,-0.0414,0.2993,1.2289,-9.7172,1.8442,7.1205,172.6422,0.0000,0.0000,0.0000,0.0000,0.0000,cooldown
150120,-0.1703,0.0401,0.0305,0.3334,1.2355,-9.7130,1.8548,7.1329,172.6275,0.0000,0.0000,0.0000,0.0000,0.0000,cooldown
150236,-0.1964,0.0697,-0.0041,0.3412,1.2169,-9.7495,1.8682,7.1306,172.6263,0.0000,0.0000,0.0000,0.0000,0.0000,cooldown
150352,-0.2068,0.0457,0.0168,0.2921,1.2253,-9.7226,1.8522,7.1355,172.6256,0.0000,0.0000,0.0000,0.0000,0.0000,nothing
150468,-0.2041,0.0860,0.0795,0.3160,1.2091,-9.7430,1.8513,7.1290,172.6321,0.0000,0.0000,0.0000,0.0000,0.0000,nothing
150584,-0.1962,0.0690,-0.0612,0.2957,1.1900,-9.7519,1.8386,7.1115,172.6523,0.0000,0.0000,0.0000,0.0000,0.0000,nothing
150700,-0.1903,0.0507,-0.0041,0.3567,1.1947,-9.7705,1.8624,7.0970,172.6603,0.0000,0.0000,0.0000,0.0000,0.0000,nothing
150816,-0.1958,0.0630,-0.0303,0.3358,1.2546,-9.7292,1.8722,7.1216,172.6339,0.0000,0.0000,0.0000,0.0000,0.0000,nothing
150932,-0.4259,0.1414,0.0579,0.2891,1.4282,-9.5400,1.8569,7.2583,172.5054,0.0000,0.0000,0.0000,0.0000,0.0000,สอง
151048,-0.1401,0.0699,-0.0424,0.3208,0.8931,-9.6681,1.8606,7.0616,172.6950,0.0000,0.0000,0.0000,0.0000,0.0000,สอง
151164,-0.0502,0.0320,-0.0877,0.3286,1.2426,-9.8291,1.8645,7.0757,172.6803,0.0000,0.0000,0.0000,0.0000,0.0000,สอง
151280,-0.1609,0.0405,0.0394,0.3460,1.3001,-9.7286,1.8800,7.1289,172.6248,0.0000,0.0000,0.0000,0.0000,0.0000,สอง
151396,-0.2031,0.0474,0.0570,0.3023,1.2857,-9.7214,1.8685,7.1691,172.5889,0.0000,0.0000,0.0000,0.0000,0.0000,สอง
151512,-0.2267,0.0892,0.0444,0.3358,1.2355,-9.7400,1.8776,7.1747,172.5812,0.0000,0.0000,0.0000,0.0000,0.0000,สอง
151628,-0.2275,0.0772,0.0214,0.2843,1.2265,-9.7346,1.8558,7.1750,172.5864,0.0000,0.0000,0.0000,0.0000,0.0000,สอง
151744,-0.1855,0.0224,0.0758,0.3280,1.1439,-9.7286,1.8620,7.1278,172.6306,0.0000,0.0000,0.0000,0.0000,0.0000,break_time
151860,-0.1643,-0.0526,-0.0698,0.0844,1.2666,-9.7878,1.7241,7.1526,172.6404,0.0000,0.0000,0.0000,0.0000,0.0000,break_time
151976,-0.1749,0.0479,0.0135,0.3735,1.4803,-9.7040,1.7697,7.3041,172.4823,0.0000,0.0000,0.0000,0.0000,0.0000,break_time
152092,-0.3160,0.1238,0.0091,0.2969,1.3085,-9.7304,1.7659,7.3393,172.4490,0.0000,0.0000,0.0000,0.0000,0.0000,break_time
152208,-0.2744,0.0785,0.0727,0.3077,1.2337,-9.7400,1.7688,7.3268,172.4604,0.0000,0.0000,0.0000,0.0000,0.0000,break_time
152324,-0.2530,0.0810,0.0271,0.1700,1.1684,-9.7765,1.6906,7.2755,172.5286,0.0000,0.0000,0.0000,0.0000,0.0000,break_time
152440,-0.2035,0.0780,-0.0294,0.2610,1.1672,-9.7412,1.6740,7.2310,172.5757,0.0000,0.0000,0.0000,0.0000,0.0000,break_time
152556,-0.2147,0.0436,-0.0284,0.1532,1.1457,-9.7675,1.5957,7.1768,172.6461,0.0000,0.0000,0.0000,0.0000,0.0000,break_time
152672,-0.1472,0.0680,0.0221,0.2891,1.2187,-9.7890,1.6041,7.1684,172.6524,0.0000,0.0000,0.0000,0.0000,0.0000,break_time
152788,-0.1936,0.0769,0.0204,0.3478,1.2289,-9.7136,1.6470,7.1722,172.6392,0.0000,0.0000,0.0000,0.0000,0.0000,break_time
152904,-0.1911,0.0627,-0.0202,0.3154,1.2319,-9.7495,1.6661,7.1747,172.6324,0.0000,0.0000,0.0000,0.0000,0.0000,break_time
153020,-0.1949,0.0785,0.0318,0.3274,1.0840,-9.7825,1.6901,7.0890,172.7103,0.0000,0.0000,0.0000,0.0000,0.0000,break_time
153136,-0.2203,0.0630,0.0044,0.3268,1.2163,-9.7232,1.7121,7.0927,172.7015,0.0000,0.0000,0.0000,0.0000,0.0000,break_time
153252,-0.1934,0.0673,0.0461,0.3298,1.2313,-9.7208,1.7336,7.1049,172.6845,0.0000,0.0000,0.0000,0.0000,0.0000,break_time
153368,-0.2239,0.0838,-0.0245,0.3166,1.2079,-9.7322,1.7452,7.1016,172.6850,0.0000,0.0000,0.0000,0.0000,0.0000,break_time
153484,-0.1934,0.0855,-0.0169,0.3238,1.2133,-9.7495,1.7595,7.1004,172.6827,0.0000,0.0000,0.0000,0.0000,0.0000,break_time
153600,-0.2113,0.0744,0.0255,0.3352,1.2121,-9.7226,1.7794,7.1006,172.6776,0.0000,0.0000,0.0000,0.0000,0.0000,break_time
153716,-0.2042,0.0476,-0.0218,0.3190,1.2325,-9.7651,1.7872,7.1095,172.6671,0.0000,0.0000,0.0000,0.0000,0.0000,break_time
153832,-0.1883,0.0570,0.0369,0.3585,1.1989,-9.7184,1.8181,7.1014,172.6672,0.0000,0.0000,0.0000,0.0000,0.0000,break_time
153948,-0.1951,0.0593,-0.0105,0.3184,1.1900,-9.7537,1.8219,7.0865,172.6808,0.0000,0.0000,0.0000,0.0000,0.0000,break_time
154064,-0.1921,0.0698,0.1153,0.3095,1.2055,-9.7471,1.8202,7.0825,172.6850,0.0000,0.0000,0.0000,0.0000,0.0000,break_time
154180,-0.1962,0.0577,-0.0254,0.3148,1.1995,-9.7681,1.8214,7.0740,172.6930,0.0000,0.0000,0.0000,0.0000,0.0000,break_time
154296,-0.2087,0.0645,0.0285,0.3436,1.2492,-9.7220,1.8400,7.0983,172.6647,0.0000,0.0000,0.0000,0.0000,0.0000,break_time
154412,-0.2259,0.0758,-0.0269,0.2849,1.2223,-9.7214,1.8226,7.1048,172.6628,0.0000,0.0000,0.0000,0.0000,0.0000,break_time
154528,-0.2042,0.0720,0.0044,0.2843,1.1720,-9.7412,1.8063,7.0801,172.6908,0.0000,0.0000,0.0000,0.0000,0.0000,break_time
154644,-0.2123,0.0684,-0.0424,0.2975,1.1959,-9.7232,1.7996,7.0730,172.6994,0.0000,0.0000,0.0000,0.0000,0.0000,break_time
154760,-0.1934,0.0619,0.0232,0.3448,1.2408,-9.7459,1.8207,7.0908,172.6768,0.0000,0.0000,0.0000,0.0000,0.0000,nothing
154876,-0.2203,0.0705,0.0026,0.3023,1.2456,-9.7675,1.8144,7.1082,172.6615,0.0000,0.0000,0.0000,0.0000,0.0000,nothing
154992,-0.1992,0.0654,0.0202,0.3125,1.1965,-9.7304,1.8155,7.0981,172.6711,0.0000,0.0000,0.0000,0.0000,0.0000,nothing
155108,-0.2318,0.0680,0.0030,0.2987,1.2127,-9.7412,1.8083,7.0976,172.6734,0.0000,0.0000,0.0000,0.0000,0.0000,nothing
155224,-0.1644,0.0498,0.0338,0.2981,1.2121,-9.7621,1.8010,7.0953,172.6774,0.0000,0.0000,0.0000,0.0000,0.0000,nothing
155340,-0.1887,0.0712,0.0095,0.3328,1.1930,-9.7477,1.8150,7.0831,172.6857,0.0000,0.0000,0.0000,0.0000,0.0000,nothing
155456,-0.2087,0.0860,0.0112,0.2706,1.2343,-9.7675,1.7909,7.0947,172.6805,0.0000,0.0000,0.0000,0.0000,0.0000,nothing
155572,-0.1971,0.0729,-0.0094,0.3214,1.2414,-9.7747,1.7986,7.1087,172.6650,0.0000,0.0000,0.0000,0.0000,0.0000,nothing
155688,-0.2136,0.0957,0.0299,0.3107,1.2019,-9.7639,1.7996,7.0993,172.6739,0.0000,0.0000,0.0000,0.0000,0.0000,nothing
155804,-0.2199,0.0735,0.0218,0.2813,1.2145,-9.7855,1.7831,7.0965,172.6806,0.0000,0.0000,0.0000,0.0000,0.0000,nothing
155920,-0.1899,0.0788,0.0598,0.2987,1.2366,-9.7549,1.7787,7.1091,172.6696,0.0000,0.0000,0.0000,0.0000,0.0000,nothing
156036,-0.1791,0.0604,-0.0072,0.3047,1.2295,-9.7459,1.7785,7.1168,172.6621,0.0000,0.0000,0.0000,0.0000,0.0000,nothing
156152,-0.1969,0.0819,0.0004,0.3304,1.2187,-9.7507,1.7932,7.1171,172.6582,0.0000,0.0000,0.0000,0.0000,0.0000,nothing
156268,-0.2064,0.0409,-0.0449,0.2969,1.2067,-9.7489,1.7870,7.1107,172.6659,0.0000,0.0000,0.0000,0.0000,0.0000,nothing
156384,-0.1900,0.0652,-0.0329,0.2945,1.2217,-9.7028,1.7808,7.1169,172.6614,0.0000,0.0000,0.0000,0.0000,0.0000,nothing
156500,-0.1960,0.0795,0.0264,0.3657,1.1983,-9.7777,1.8155,7.1034,172.6659,0.0000,0.0000,0.0000,0.0000,0.0000,nothing
156616,-0.2038,0.0714,-0.0570,0.2813,1.2444,-9.7076,1.7986,7.1232,172.6509,0.0000,0.0000,0.0000,0.0000,0.0000,nothing
156732,-0.2275,0.0401,-0.0135,0.3388,1.2109,-9.7591,1.8161,7.1178,172.6518,0.0000,0.0000,0.0000,0.0000,0.0000,nothing
156848,-0.2108,0.0748,-0.0044,0.2963,1.2025,-9.7280,1.8077,7.1104,172.6611,0.0000,0.0000,0.0000,0.0000,0.0000,nothing
156964,-0.2222,0.0468,-0.0395,0.3196,1.2091,-9.7591,1.8131,7.1052,172.6648,0.0000,0.0000,0.0000,0.0000,0.0000,nothing
157080,-0.1962,0.0671,0.0136,0.3089,1.2355,-9.7370,1.8120,7.1175,172.6532,0.0000,0.0000,0.0000,0.0000,0.0000,nothing
157196,-0.1978,0.0725,-0.0097,0.3310,1.2169,-9.7358,1.8240,7.1178,172.6499,0.0000,0.0000,0.0000,0.0000,0.0000,nothing
157312,-0.2320,0.0742,-0.0124,0.2801,1.2097,-9.7693,1.8046,7.1116,172.6607,0.0000,0.0000,0.0000,0.0000,0.0000,nothing
157428,-0.2037,0.0519,-0.0236,0.3424,1.2001,-9.7106,1.8245,7.1046,172.6626,0.0000,0.0000,0.0000,0.0000,0.0000,nothing
157544,-0.1974,0.0687,-0.0440,0.3011,1.2265,-9.7370,1.8177,7.1117,172.6573,0.0000,0.0000,0.0000,0.0000,0.0000,nothing
157660,-0.2198,0.0269,0.0200,0.3436,1.2349,-9.7364,1.8365,7.1229,172.6418,0.0000,0.0000,0.0000,0.0000,0.0000,nothing
157776,-0.1588,0.0526,-0.0155,0.3154,1.1912,-9.7208,1.8373,7.1089,172.6552,0.0000,0.0000,0.0000,0.0000,0.0000,หนึ่ง
157892,-0.2759,0.2394,0.0427,0.6423,1.8717,-9.7250,2.0268,7.4889,172.2387,0.0000,0.0000,0.0000,0.0000,0.0000,หนึ่ง
158008,-0.4579,0.2087,0.0016,0.2783,1.1612,-9.8357,1.9848,7.4125,172.3235,0.0000,0.0000,0.0000,0.0000,0.0000,หนึ่ง
158124,-0.1515,0.0537,0.0239,0.2843,0.9715,-9.8363,1.9510,7.2343,172.5046,0.0000,0.0000,0.0000,0.0000,0.0000,หนึ่ง
158240,-0.1005,0.0286,-0.0153,0.3005,1.1534,-9.7208,1.9318,7.1874,172.5548,0.0000,0.0000,0.0000,0.0000,0.0000,หนึ่ง
158356,-0.1370,0.0560,0.0046,0.3304,1.2756,-9.7232,1.9316,7.2156,172.5277,0.0000,0.0000,0.0000,0.0000,0.0000,หนึ่ง
158472,-0.2004,0.0762,0.0185,0.3274,1.2821,-9.7106,1.9299,7.2456,172.4991,0.0000,0.0000,0.0000,0.0000,0.0000,หนึ่ง
158588,-0.2402,0.0571,0.0314,0.3208,1.2402,-9.7561,1.9238,7.2452,172.5011,0.0000,0.0000,0.0000,0.0000,0.0000,หนึ่ง
158704,-0.2241,0.0762,-0.0045,0.3089,1.2109,-9.7328,1.9118,7.2295,172.5193,0.0000,0.0000,0.0000,0.0000,0.0000,หนึ่ง
158820,-0.2042,0.0596,0.0189,0.2897,1.2474,-9.7268,1.8899,7.2371,172.5177,0.0000,0.0000,0.0000,0.0000,0.0000,หนึ่ง
158936,-0.2008,0.0551,0.0365,0.3352,1.1642,-9.7340,1.8967,7.1951,172.5566,0.0000,0.0000,0.0000,0.0000,0.0000,หนึ่ง
159052,-0.1876,0.0768,-0.0294,0.2957,1.2187,-9.7112,1.8801,7.1905,172.5652,0.0000,0.0000,0.0000,0.0000,0.0000,หนึ่ง
159168,-0.1924,0.0706,-0.0172,0.3418,1.1864,-9.7238,1.8919,7.1667,172.5852,0.0000,0.0000,0.0000,0.0000,0.0000,หนึ่ง
159284,-0.1885,0.0573,-0.0260,0.2831,1.1977,-9.7388,1.8680,7.1509,172.6067,0.0000,0.0000,0.0000,0.0000,0.0000,หนึ่ง
159400,-0.1888,0.0361,-0.0191,0.3478,1.2181,-9.7172,1.8846,7.1499,172.6034,0.0000,0.0000,0.0000,0.0000,0.0000,หนึ่ง
159516,-0.1877,0.0515,0.0038,0.3125,1.2528,-9.7136,1.8788,7.1694,172.5860,0.0000,0.0000,0.0000,0.0000,0.0000,หนึ่ง
159632,-0.1817,0.0645,0.0656,0.2909,1.3779,-9.7250,1.8606,7.2586,172.5042,0.0000,0.0000,0.0000,0.0000,0.0000,หนึ่ง
159748,-0.2014,0.0732,0.0050,0.3370,1.2468,-9.7621,1.8707,7.2602,172.5002,0.0000,0.0000,0.0000,0.0000,0.0000,หนึ่ง
159864,-0.2158,0.0658,0.0297,0.3208,1.2349,-9.7561,1.8705,7.2551,172.5051,0.0000,0.0000,0.0000,0.0000,0.0000,หนึ่ง
159980,-0.2172,0.0834,0.0383,0.3083,1.2193,-9.7172,1.8637,7.2445,172.5171,0.0000,0.0000,0.0000,0.0000,0.0000,หนึ่ง
160096,-0.2345,0.0523,0.0673,0.2999,1.2193,-9.7436,1.8523,7.2330,172.5312,0.0000,0.0000,0.0000,0.0000,0.0000,หนึ่ง
160212,-0.1745,0.0759,0.0404,0.3669,1.1936,-9.7322,1.8813,7.2084,172.5476,0.0000,0.0000,0.0000,0.0000,0.0000,หนึ่ง
160328,-0.1685,0.0631,0.0082,0.2969,1.2366,-9.7501,1.8662,7.2101,172.5498,0.0000,0.0000,0.0000,0.0000,0.0000,หนึ่ง
160444,-0.2349,0.0688,-0.0309,0.3478,1.2618,-9.7268,1.8827,7.2277,172.5285,0.0000,0.0000,0.0000,0.0000,0.0000,หนึ่ง
160560,-0.2181,0.0706,0.0772,0.3131,1.2438,-9.7561,1.8767,7.2312,172.5268,0.0000,0.0000,0.0000,0.0000,0.0000,หนึ่ง
160676,-0.1791,0.0526,-0.0314,0.3406,1.2001,-9.7094,1.8884,7.2123,172.5420,0.0000,0.0000,0.0000,0.0000,0.0000,หนึ่ง
160792,-0.1847,0.0620,0.0296,0.3005,1.2259,-9.7310,1.8750,7.2087,172.5489,0.0000,0.0000,0.0000,0.0000,0.0000,หนึ่ง
160908,-0.1810,0.0712,0.0011,0.3364,1.2025,-9.7603,1.8835,7.1898,172.5651,0.0000,0.0000,0.0000,0.0000,0.0000,หนึ่ง
161024,-0.1862,0.0489,-0.0016,0.3089,1.2175,-9.7573,1.8750,7.1817,172.5751,0.0000,0.0000,0.0000,0.0000,0.0000,หนึ่ง
161140,-0.1964,0.0609,-0.0315,0.3119,1.2307,-9.7489,1.8693,7.1826,172.5756,0.0000,0.0000,0.0000,0.0000,0.0000,หนึ่ง
161256,-0.1979,0.0723,0.0335,0.3143,1.2450,-9.7591,1.8653,7.1910,172.5685,0.0000,0.0000,0.0000,0.0000,0.0000,หนึ่ง
161372,-0.2219,0.0559,0.0369,0.3196,1.2343,-9.7280,1.8655,7.1946,172.5650,0.0000,0.0000,0.0000,0.0000,0.0000,หนึ่ง
161488,-0.2078,0.0759,0.0172,0.3047,1.2043,-9.7070,1.8574,7.1821,172.5791,0.0000,0.0000,0.0000,0.0000,0.0000,หนึ่ง
161604,-0.1922,0.0705,-0.0172,0.3352,1.2235,-9.7525,1.8670,7.1785,172.5802,0.0000,0.0000,0.0000,0.0000,0.0000,หนึ่ง
161720,-0.2080,0.0798,0.0228,0.2706,1.2013,-9.7100,1.8387,7.1657,172.5997,0.0000,0.0000,0.0000,0.0000,0.0000,หนึ่ง
161836,-0.1853,0.0342,-0.0237,0.3190,1.2121,-9.7759,1.8404,7.1556,172.6091,0.0000,0.0000,0.0000,0.0000,0.0000,หนึ่ง
161952,-0.2063,0.0931,-0.0100,0.3083,1.2426,-9.6993,1.8369,7.1697,172.5964,0.0000,0.0000,0.0000,0.0000,0.0000,หนึ่ง
162068,-0.2305,0.0601,0.0656,0.3125,1.1840,-9.7453,1.8355,7.1450,172.6206,0.0000,0.0000,0.0000,0.0000,0.0000,หนึ่ง
162184,-0.1947,0.0709,-0.0307,0.2789,1.2049,-9.7513,1.8146,7.1346,172.6359,0.0000,0.0000,0.0000,0.0000,0.0000,หนึ่ง
162300,-0.2196,0.0652,0.0549,0.2903,1.2073,-9.7501,1.8023,7.1267,172.6466,0.0000,0.0000,0.0000,0.0000,0.0000,หนึ่ง
162416,-0.1764,0.0563,0.0168,0.3268,1.2127,-9.7298,1.8130,7.1241,172.6465,0.0000,0.0000,0.0000,0.0000,0.0000,หนึ่ง
162532,-0.1838,0.0438,-0.0176,0.2825,1.2085,-9.7453,1.7965,7.1183,172.6562,0.0000,0.0000,0.0000,0.0000,0.0000,หนึ่ง
162648,-0.2072,0.0784,0.0044,0.3238,1.2043,-9.7196,1.8062,7.1125,172.6595,0.0000,0.0000,0.0000,0.0000,0.0000,หนึ่ง
162764,-0.1967,0.0581,0.0455,0.2999,1.2211,-9.7412,1.8005,7.1154,172.6581,0.0000,0.0000,0.0000,0.0000,0.0000,หนึ่ง
162880,-0.2052,0.0639,-0.0247,0.3460,1.2025,-9.7741,1.8218,7.1048,172.6630,0.0000,0.0000,0.0000,0.0000,0.0000,หนึ่ง
162996,-0.1928,0.0648,0.1137,0.3406,1.2163,-9.7358,1.8384,7.1060,172.6577,0.0000,0.0000,0.0000,0.0000,0.0000,หนึ่ง
163112,-0.2110,0.0780,0.0068,0.2777,1.2205,-9.7585,1.8163,7.1080,172.6613,0.0000,0.0000,0.0000,0.0000,0.0000,หนึ่ง
163228,-0.1725,0.0498,0.0538,0.3262,1.3773,-9.7513,1.8244,7.2010,172.5691,0.0000,0.0000,0.0000,0.0000,0.0000,หนึ่ง
163344,-0.2109,0.0558,0.0368,0.3154,1.2402,-9.7388,1.8260,7.2063,172.5636,0.0000,0.0000,0.0000,0.0000,0.0000,หนึ่ง
163460,-0.1896,0.0473,0.0230,0.3053,1.2283,-9.7507,1.8213,7.2032,172.5677,0.0000,0.0000,0.0000,0.0000,0.0000,หนึ่ง
163576,-0.1936,0.0507,-0.0548,0.3107,1.2091,-9.7597,1.8201,7.1888,172.5820,0.0000,0.0000,0.0000,0.0000,0.0000,หนึ่ง
163692,-0.2016,0.0725,0.0319,0.3226,1.2091,-9.7322,1.8265,7.1777,172.5912,0.0000,0.0000,0.0000,0.0000,0.0000,หนึ่ง
163808,-0.1937,0.0725,-0.0476,0.3178,1.1810,-9.7352,1.8295,7.1513,172.6160,0.0000,0.0000,0.0000,0.0000,0.0000,หนึ่ง
163924,-0.1798,0.0436,0.0537,0.2933,1.2037,-9.7609,1.8174,7.1389,172.6311,0.0000,0.0000,0.0000,0.0000,0.0000,หนึ่ง
164040,-0.2226,0.0750,-0.0215,0.3148,1.2486,-9.7070,1.8199,7.1575,172.6124,0.0000,0.0000,0.0000,0.0000,0.0000,หนึ่ง
164156,-0.2326,0.0623,0.0249,0.3585,1.2265,-9.7555,1.8468,7.1579,172.6053,0.0000,0.0000,0.0000,0.0000,0.0000,หนึ่ง
164272,-0.2367,0.0598,0.1268,0.2999,1.2372,-9.7639,1.8366,7.1639,172.6020,0.0000,0.0000,0.0000,0.0000,0.0000,หนึ่ง
164388,-0.2330,0.0727,-0.0200,0.3041,1.2211,-9.7501,1.8302,7.1610,172.6064,0.0000,0.0000,0.0000,0.0000,0.0000,หนึ่ง
164504,-0.2258,0.0765,0.0419,0.3005,1.2097,-9.7304,1.8227,7.1533,172.6158,0.0000,0.0000,0.0000,0.0000,0.0000,หนึ่ง
164620,-0.2119,0.0504,0.0035,0.3143,1.1762,-9.7675,1.8234,7.1242,172.6438,0.0000,0.0000,0.0000,0.0000,0.0000,หนึ่ง
164736,-0.2004,0.0461,-0.0503,0.3562,1.2097,-9.7555,1.8486,7.1182,172.6433,0.0000,0.0000,0.0000,0.0000,0.0000,หนึ่ง
164852,-0.1825,0.0598,0.0067,0.3125,1.1959,-9.7639,1.8456,7.1043,172.6574,0.0000,0.0000,0.0000,0.0000,0.0000,หนึ่ง
164968,-0.2001,0.0680,0.0435,0.3244,1.1930,-9.7525,1.8502,7.0909,172.6693,0.0000,0.0000,0.0000,0.0000,0.0000,หนึ่ง
165084,-0.1993,0.0383,0.0226,0.2825,1.1918,-9.7292,1.8303,7.0799,172.6850,0.0000,0.0000,0.0000,0.0000,0.0000,หนึ่ง
165200,-0.2018,0.0776,0.0037,0.3160,1.2097,-9.7633,1.8313,7.0779,172.6867,0.0000,0.0000,0.0000,0.0000,0.0000,หนึ่ง
165316,-0.2072,0.0688,0.0030,0.3370,1.1864,-9.7340,1.8450,7.0646,172.6961,0.0000,0.0000,0.0000,0.0000,0.0000,หนึ่ง
165432,-0.2192,0.0609,-0.0184,0.2921,1.2121,-9.7639,1.8305,7.0655,172.6989,0.0000,0.0000,0.0000,0.0000,0.0000,หนึ่ง
165548,-0.1873,0.0915,-0.0248,0.3274,1.2085,-9.7124,1.8390,7.0678,172.6945,0.0000,0.0000,0.0000,0.0000,0.0000,หนึ่ง
165664,-0.1845,0.0543,0.0384,0.3370,1.2247,-9.7693,1.8512,7.0752,172.6843,0.0000,0.0000,0.0000,0.0000,0.0000,หนึ่ง
165780,-0.2232,0.0759,0.0254,0.2849,1.2151,-9.7675,1.8318,7.0765,172.6879,0.0000,0.0000,0.0000,0.0000,0.0000,หนึ่ง
165896,-0.2128,0.0668,0.0130,0.2831,1.1714,-9.7226,1.8143,7.0556,172.7126,0.0000,0.0000,0.0000,0.0000,0.0000,หนึ่ง
166012,-0.2179,0.0773,0.0225,0.3119,0.9924,-9.7058,1.8160,6.9343,172.8296,0.0000,0.0000,0.0000,0.0000,0.0000,nothing
166128,-0.0378,-0.0230,-0.0119,0.3113,0.9242,-9.8369,1.8149,6.7764,172.9826,0.0000,0.0000,0.0000,0.0000,0.0000,nothing
166244,0.0506,0.0233,-0.0068,0.3244,1.3462,-9.6400,1.8243,6.8924,172.8680,0.0000,0.0000,0.0000,0.0000,0.0000,nothing
166360,-0.3216,0.1140,0.0618,0.3538,1.4150,-9.7262,1.8480,7.0306,172.7282,0.0000,0.0000,0.0000,0.0000,0.0000,nothing
166476,-0.3175,0.1021,0.0333,0.3478,1.2642,-9.7112,1.8666,7.0687,172.6866,0.0000,0.0000,0.0000,0.0000,0.0000,nothing
166592,-0.2582,0.0874,0.0346,0.2759,1.1540,-9.7573,1.8408,7.0360,172.7248,0.0000,0.0000,0.0000,0.0000,0.0000,nothing
166708,-0.1928,0.0630,-0.0061,0.2490,1.1798,-9.7190,1.8025,7.0244,172.7458,0.0000,0.0000,0.0000,0.0000,0.0000,nothing
166824,-0.2003,0.0593,-0.0086,0.3143,1.1942,-9.7483,1.8055,7.0200,172.7493,0.0000,0.0000,0.0000,0.0000,0.0000,nothing
166940,-0.1710,0.0604,0.0386,0.3244,1.1936,-9.7459,1.8142,7.0158,172.7512,0.0000,0.0000,0.0000,0.0000,0.0000,nothing
167056,-0.1678,0.0450,-0.0057,0.3113,1.2295,-9.7376,1.8144,7.0335,172.7340,0.0000,0.0000,0.0000,0.0000,0.0000,nothing
167172,-0.2076,0.0889,-0.0389,0.3220,1.2696,-9.7866,1.8199,7.0690,172.6981,0.0000,0.0000,0.0000,0.0000,0.0000,nothing
167288,-0.1840,0.0552,0.0228,0.3017,1.2007,-9.7525,1.8138,7.0637,172.7049,0.0000,0.0000,0.0000,0.0000,0.0000,nothing
167404,-0.2136,0.0585,0.0198,0.2759,1.2253,-9.7459,1.7933,7.0736,172.7003,0.0000,0.0000,0.0000,0.0000,0.0000,nothing
167520,-0.2146,0.0817,-0.0060,0.3340,1.2480,-9.7250,1.8091,7.0971,172.6737,0.0000,0.0000,0.0000,0.0000,0.0000,nothing
167636,-0.1757,0.0648,0.0266,0.3232,1.1534,-9.7406,1.8169,7.0624,172.7054,0.0000,0.0000,0.0000,0.0000,0.0000,nothing
167752,-0.1884,0.0421,-0.0217,0.3867,1.1570,-9.7268,1.8612,7.0340,172.7215,0.0000,0.0000,0.0000,0.0000,0.0000,nothing
167868,-0.1622,0.0564,-0.0019,0.2927,1.2366,-9.7735,1.8452,7.0515,172.7087,0.0000,0.0000,0.0000,0.0000,0.0000,nothing
167984,-0.1714,0.0806,0.0225,0.3208,1.1858,-9.7280,1.8482,7.0410,172.7181,0.0000,0.0000,0.0000,0.0000,0.0000,nothing
168100,-0.1883,0.0742,0.0364,0.2987,1.1989,-9.7513,1.8375,7.0375,172.7242,0.0000,0.0000,0.0000,0.0000,0.0000,nothing
168216,-0.1903,0.0466,0.0305,0.3238,1.2462,-9.7615,1.8422,7.0609,172.7003,0.0000,0.0000,0.0000,0.0000,0.0000,nothing
168332,-0.2046,0.0729,-0.0383,0.3053,1.2349,-9.7400,1.8361,7.0770,172.6863,0.0000,0.0000,0.0000,0.0000,0.0000,nothing
168448,-0.2098,0.0612,0.0284,0.3388,1.2271,-9.7555,1.8499,7.0858,172.6743,0.0000,0.0000,0.0000,0.0000,0.0000,nothing
168564,-0.2136,0.0735,0.0329,0.3065,1.2396,-9.7633,1.8432,7.1005,172.6617,0.0000,0.0000,0.0000,0.0000,0.0000,nothing
168680,-0.1960,0.0476,0.0191,0.3017,1.2103,-9.7232,1.8353,7.0997,172.6646,0.0000,0.0000,0.0000,0.0000,0.0000,nothing
168796,-0.2034,0.0858,0.0016,0.3268,1.1900,-9.7585,1.8422,7.0846,172.6775,0.0000,0.0000,0.0000,0.0000,0.0000,nothing
168912,-0.1937,0.0855,0.0249,0.3023,1.1109,-9.7801,1.8338,7.0238,172.7385,0.0000,0.0000,0.0000,0.0000,0.0000,nothing
